UserID,UserSK
5618,1
4326,2
5849,3
4992,4
3866,5
8650,6
4321,7
4589,8
4215,9
8089,10
5010,11
8791,12
4101,13
3039,14
3379,15
5700,16
7567,17
8772,18
6817,19
2866,20
3134,21
2716,22
3153,23
6584,24
230,25
8813,26
3103,27
1274,28
2398,29
8529,30
7858,31
7050,32
1676,33
4931,34
1847,35
6083,36
2263,37
8788,38
4546,39
6675,40
4345,41
7918,42
3267,43
4926,44
3405,45
99,46
911,47
8895,48
2218,49
3435,50
3763,51
4190,52
8217,53
3823,54
3275,55
2106,56
7257,57
8001,58
3399,59
3108,60
8761,61
8781,62
722,63
3062,64
3097,65
8491,66
6314,67
6438,68
6829,69
5191,70
4114,71
8979,72
7288,73
558,74
6635,75
993,76
2822,77
1242,78
6073,79
6017,80
6123,81
4506,82
4899,83
8938,84
4891,85
7310,86
4045,87
2277,88
6089,89
3329,90
3523,91
2174,92
5297,93
5485,94
1181,95
1484,96
2556,97
3106,98
4135,99
7417,100
7376,101
5110,102
4069,103
7560,104
5813,105
3596,106
7467,107
8171,108
2981,109
345,110
6748,111
1314,112
6719,113
5307,114
7593,115
5817,116
6649,117
4175,118
7581,119
2797,120
6528,121
589,122
318,123
1051,124
1849,125
7463,126
8890,127
8208,128
2446,129
7874,130
5954,131
282,132
5126,133
8522,134
2478,135
8839,136
5217,137
2844,138
7584,139
3202,140
1157,141
3066,142
7054,143
3998,144
4030,145
1963,146
3738,147
7945,148
8455,149
8214,150
8149,151
7064,152
2511,153
6128,154
5403,155
8091,156
3260,157
4293,158
4848,159
5952,160
6656,161
7984,162
7837,163
4359,164
6898,165
5090,166
1481,167
5336,168
3992,169
4137,170
6422,171
305,172
3599,173
4412,174
4886,175
8294,176
8186,177
1568,178
901,179
6549,180
7731,181
6351,182
967,183
7769,184
7962,185
5957,186
8011,187
3035,188
8429,189
2424,190
312,191
8402,192
263,193
6619,194
7339,195
5165,196
8280,197
4043,198
2177,199
5941,200
8504,201
2084,202
931,203
6806,204
6044,205
1982,206
3087,207
1315,208
2138,209
1957,210
5874,211
1833,212
2331,213
260,214
8284,215
1427,216
1541,217
6610,218
3242,219
1075,220
601,221
7037,222
8875,223
2515,224
1030,225
5995,226
6965,227
6811,228
118,229
139,230
5137,231
2545,232
3271,233
116,234
5656,235
6993,236
804,237
689,238
548,239
1212,240
7656,241
5334,242
4712,243
8677,244
5682,245
8835,246
2606,247
6566,248
4009,249
6495,250
373,251
8388,252
5104,253
2615,254
3273,255
1589,256
3577,257
5392,258
5568,259
4861,260
6240,261
7624,262
2685,263
8753,264
4264,265
5454,266
6860,267
1013,268
2681,269
5690,270
684,271
3620,272
6880,273
1467,274
4443,275
5943,276
4292,277
924,278
8139,279
1739,280
8341,281
5756,282
7420,283
6290,284
3693,285
509,286
1514,287
5880,288
6622,289
4084,290
5155,291
6288,292
6651,293
6853,294
3766,295
6577,296
7121,297
1889,298
7446,299
2582,300
8213,301
510,302
662,303
7295,304
5424,305
7720,306
2968,307
4174,308
1468,309
1757,310
2320,311
2817,312
5738,313
2701,314
8231,315
338,316
2783,317
8486,318
3639,319
2120,320
6844,321
1276,322
8097,323
2806,324
388,325
4864,326
180,327
2921,328
6197,329
8746,330
6502,331
899,332
849,333
5028,334
2929,335
2581,336
3122,337
7812,338
2159,339
3804,340
2457,341
5171,342
4218,343
8965,344
4600,345
2142,346
2371,347
914,348
7999,349
8291,350
6294,351
2745,352
1607,353
2794,354
5299,355
2180,356
256,357
2991,358
5020,359
4226,360
7601,361
8081,362
2520,363
2897,364
17,365
8077,366
8745,367
8722,368
7735,369
4124,370
3756,371
3027,372
191,373
2614,374
1886,375
2629,376
8471,377
4147,378
6358,379
3600,380
5447,381
6221,382
3037,383
22,384
1120,385
5767,386
8611,387
7926,388
7723,389
3626,390
2821,391
8495,392
419,393
1773,394
8914,395
1397,396
1645,397
366,398
1016,399
213,400
434,401
4657,402
2409,403
3444,404
217,405
2546,406
5221,407
8547,408
4878,409
3603,410
5290,411
4419,412
2875,413
1644,414
909,415
8413,416
7484,417
1821,418
6289,419
8122,420
7961,421
4919,422
1098,423
8693,424
1175,425
7797,426
7707,427
663,428
3421,429
4180,430
2110,431
840,432
3374,433
3875,434
6472,435
7432,436
8734,437
4115,438
3611,439
4420,440
8458,441
4120,442
1617,443
940,444
3566,445
4274,446
155,447
3340,448
4568,449
8266,450
1989,451
3206,452
1090,453
4416,454
1804,455
8134,456
5751,457
1009,458
5281,459
7283,460
4725,461
1756,462
4102,463
7839,464
3240,465
8570,466
4730,467
4906,468
8823,469
8615,470
2037,471
1596,472
5206,473
5730,474
5154,475
8877,476
1020,477
6356,478
4988,479
3932,480
4364,481
1985,482
4371,483
1372,484
6287,485
3197,486
8904,487
6541,488
6966,489
2467,490
5113,491
2314,492
599,493
4044,494
586,495
5516,496
1594,497
4077,498
5752,499
3396,500
4001,501
8226,502
202,503
7041,504
2837,505
2754,506
6421,507
8812,508
6950,509
5109,510
6233,511
3381,512
8143,513
7400,514
724,515
1043,516
5517,517
6064,518
8946,519
1740,520
7653,521
2915,522
5790,523
7545,524
4966,525
6688,526
4578,527
8386,528
860,529
8849,530
8051,531
5847,532
8609,533
2441,534
1753,535
3430,536
8798,537
4249,538
414,539
2301,540
8526,541
7358,542
1189,543
7513,544
8212,545
1412,546
5552,547
7626,548
7963,549
5858,550
1138,551
553,552
7111,553
1503,554
2678,555
4473,556
1680,557
7587,558
2508,559
3781,560
1292,561
7255,562
2656,563
1732,564
4466,565
3380,566
861,567
500,568
3628,569
7232,570
5163,571
1951,572
5192,573
1380,574
150,575
6436,576
6764,577
1981,578
3298,579
8517,580
23,581
7363,582
2396,583
8978,584
3156,585
1970,586
4334,587
3165,588
1525,589
394,590
2099,591
6291,592
7080,593
2358,594
7810,595
7676,596
8126,597
6046,598
6428,599
843,600
5016,601
6609,602
4433,603
1184,604
1891,605
3051,606
6500,607
725,608
4524,609
4409,610
5978,611
8793,612
3130,613
5466,614
3457,615
4959,616
6084,617
8163,618
1045,619
7141,620
3360,621
204,622
8983,623
1643,624
3562,625
5227,626
985,627
3358,628
2590,629
7964,630
3407,631
4394,632
7773,633
5862,634
6713,635
7011,636
2134,637
1521,638
4368,639
8309,640
6131,641
8439,642
1502,643
483,644
1464,645
8967,646
778,647
2555,648
7817,649
3096,650
4296,651
8397,652
3307,653
3401,654
2997,655
8079,656
479,657
4484,658
2676,659
4961,660
2404,661
4431,662
5530,663
6369,664
8674,665
8539,666
5705,667
2753,668
3558,669
6189,670
6348,671
6655,672
1434,673
3768,674
574,675
4698,676
6955,677
8101,678
3086,679
1728,680
568,681
3304,682
7682,683
5639,684
5050,685
5393,686
6843,687
5563,688
2751,689
6431,690
7733,691
7995,692
5352,693
608,694
6925,695
5226,696
4981,697
6702,698
965,699
3516,700
1111,701
3228,702
8718,703
8025,704
3452,705
6774,706
5327,707
2604,708
8996,709
131,710
1696,711
3125,712
2712,713
7124,714
4236,715
8657,716
6612,717
2880,718
5522,719
7866,720
1385,721
4543,722
8778,723
7265,724
7850,725
8296,726
4355,727
820,728
5317,729
6765,730
7490,731
6883,732
3089,733
3321,734
5150,735
8116,736
6361,737
249,738
3469,739
7525,740
3034,741
7452,742
6805,743
3753,744
6256,745
6267,746
1114,747
2251,748
6101,749
8533,750
6994,751
162,752
6122,753
4185,754
6441,755
1648,756
614,757
8030,758
5313,759
3297,760
2554,761
8889,762
7008,763
6779,764
2789,765
8333,766
7841,767
8891,768
1283,769
4769,770
886,771
7409,772
7555,773
7171,774
8894,775
2746,776
6353,777
5896,778
6628,779
4062,780
3249,781
2380,782
603,783
8752,784
4643,785
1168,786
6143,787
3327,788
696,789
7772,790
4852,791
7814,792
4259,793
6926,794
5546,795
2908,796
3447,797
4792,798
6001,799
2896,800
2818,801
6399,802
1311,803
5200,804
8632,805
4844,806
7617,807
1248,808
2447,809
5102,810
4068,811
6763,812
2348,813
5095,814
307,815
298,816
144,817
4632,818
8700,819
4485,820
8756,821
6452,822
3078,823
723,824
3806,825
4358,826
8275,827
6624,828
8391,829
3468,830
4977,831
7315,832
4087,833
215,834
453,835
3873,836
3343,837
3393,838
618,839
1988,840
5330,841
6739,842
423,843
6359,844
7904,845
1059,846
4426,847
4061,848
8528,849
3349,850
9000,851
7304,852
454,853
1395,854
996,855
5064,856
395,857
8543,858
487,859
6503,860
6124,861
6809,862
8724,863
7697,864
6590,865
6539,866
1444,867
5977,868
3477,869
1032,870
4496,871
7183,872
1922,873
41,874
3001,875
8047,876
1823,877
2940,878
4160,879
2943,880
3545,881
872,882
2695,883
6785,884
6060,885
4454,886
7542,887
6559,888
5803,889
7541,890
8487,891
2894,892
4716,893
6142,894
7098,895
120,896
3677,897
8882,898
2634,899
1760,900
90,901
1534,902
4623,903
4489,904
6053,905
3470,906
3295,907
7203,908
6396,909
8912,910
2471,911
6209,912
3255,913
4538,914
2434,915
4523,916
8119,917
6437,918
3519,919
5768,920
2270,921
6141,922
8096,923
3,924
6121,925
6869,926
2274,927
5009,928
2426,929
5118,930
4266,931
8515,932
3378,933
4917,934
1654,935
2954,936
972,937
1058,938
2103,939
772,940
4229,941
8514,942
8507,943
4951,944
5538,945
632,946
7946,947
8404,948
259,949
8039,950
5026,951
6931,952
5924,953
5905,954
4275,955
2726,956
6496,957
544,958
6439,959
4086,960
5755,961
8651,962
331,963
8927,964
6463,965
8031,966
8394,967
46,968
1771,969
1731,970
2820,971
7205,972
7133,973
2201,974
5416,975
1430,976
8707,977
8667,978
2414,979
5308,980
3636,981
36,982
7975,983
4638,984
422,985
4330,986
2196,987
4098,988
2543,989
1977,990
613,991
3705,992
5726,993
6023,994
330,995
242,996
4392,997
5851,998
6962,999
4994,1000
3836,1001
2097,1002
2412,1003
1179,1004
5649,1005
2836,1006
4060,1007
2352,1008
4776,1009
3313,1010
1213,1011
1320,1012
5439,1013
1825,1014
1837,1015
4200,1016
5410,1017
1539,1018
2040,1019
758,1020
3906,1021
4703,1022
2957,1023
5683,1024
3972,1025
5577,1026
5579,1027
6706,1028
2492,1029
7701,1030
7924,1031
2698,1032
8765,1033
6792,1034
4397,1035
1562,1036
790,1037
4729,1038
7187,1039
6085,1040
6178,1041
7994,1042
1306,1043
5123,1044
3442,1045
3133,1046
600,1047
2116,1048
8353,1049
3512,1050
4393,1051
7948,1052
5175,1053
3265,1054
6728,1055
760,1056
4458,1057
3002,1058
8626,1059
1906,1060
148,1061
3362,1062
6749,1063
728,1064
4317,1065
7655,1066
8436,1067
2587,1068
6731,1069
2655,1070
1605,1071
2914,1072
4144,1073
1216,1074
2950,1075
7877,1076
1515,1077
8067,1078
2225,1079
7479,1080
4696,1081
8244,1082
8205,1083
2739,1084
4741,1085
8159,1086
8968,1087
3418,1088
5357,1089
3733,1090
2892,1091
384,1092
7694,1093
4228,1094
1149,1095
5787,1096
1819,1097
8411,1098
127,1099
5394,1100
5659,1101
6206,1102
8558,1103
4380,1104
5810,1105
680,1106
1604,1107
7753,1108
1551,1109
1695,1110
7212,1111
3592,1112
5839,1113
6762,1114
5442,1115
2085,1116
7605,1117
715,1118
4796,1119
1675,1120
1817,1121
8962,1122
8276,1123
579,1124
6483,1125
1851,1126
2594,1127
2310,1128
3112,1129
2971,1130
3990,1131
7402,1132
1128,1133
4662,1134
524,1135
6332,1136
8262,1137
694,1138
8416,1139
756,1140
596,1141
8555,1142
4606,1143
6414,1144
6149,1145
7177,1146
7934,1147
285,1148
496,1149
3476,1150
5926,1151
767,1152
4520,1153
4614,1154
4510,1155
4664,1156
6021,1157
485,1158
7507,1159
2939,1160
5891,1161
1285,1162
2979,1163
1015,1164
802,1165
5238,1166
1196,1167
1100,1168
8907,1169
3703,1170
8634,1171
5587,1172
3092,1173
1700,1174
1169,1175
3520,1176
2907,1177
2525,1178
5148,1179
6018,1180
5864,1181
7180,1182
8014,1183
8935,1184
1850,1185
6868,1186
629,1187
8997,1188
5196,1189
7143,1190
4746,1191
6316,1192
8175,1193
4888,1194
1403,1195
37,1196
3648,1197
1896,1198
1614,1199
4950,1200
3757,1201
1323,1202
3977,1203
2126,1204
6879,1205
6681,1206
795,1207
3376,1208
3302,1209
819,1210
8897,1211
399,1212
2306,1213
12,1214
3633,1215
8879,1216
8342,1217
576,1218
7145,1219
3160,1220
5199,1221
7790,1222
2733,1223
6625,1224
5436,1225
7182,1226
3361,1227
8318,1228
3978,1229
5734,1230
8016,1231
2109,1232
2128,1233
3610,1234
8603,1235
2206,1236
3707,1237
2592,1238
4278,1239
5959,1240
1612,1241
8396,1242
7396,1243
6033,1244
8640,1245
1370,1246
5732,1247
2122,1248
5506,1249
7261,1250
4056,1251
7595,1252
4519,1253
3478,1254
738,1255
5920,1256
4824,1257
8574,1258
992,1259
5877,1260
6406,1261
8810,1262
4192,1263
8725,1264
473,1265
3465,1266
6873,1267
594,1268
8719,1269
8252,1270
3299,1271
8556,1272
5992,1273
3467,1274
786,1275
8520,1276
7953,1277
3816,1278
7680,1279
4085,1280
5066,1281
8490,1282
642,1283
112,1284
4591,1285
2175,1286
8780,1287
332,1288
444,1289
8489,1290
5059,1291
6071,1292
3755,1293
6507,1294
450,1295
769,1296
464,1297
905,1298
3351,1299
2869,1300
7787,1301
4902,1302
6768,1303
8277,1304
8886,1305
2288,1306
8338,1307
5332,1308
6486,1309
8702,1310
3868,1311
5120,1312
583,1313
8019,1314
3244,1315
3929,1316
1806,1317
2577,1318
5249,1319
4786,1320
3983,1321
7828,1322
1156,1323
4753,1324
4868,1325
880,1326
6788,1327
5235,1328
4762,1329
6027,1330
8110,1331
6201,1332
5936,1333
8715,1334
2823,1335
6525,1336
3775,1337
8093,1338
3559,1339
5597,1340
4870,1341
6952,1342
7129,1343
2045,1344
261,1345
1152,1346
2611,1347
1083,1348
7737,1349
7982,1350
1244,1351
3445,1352
6732,1353
6051,1354
2703,1355
8304,1356
5472,1357
5698,1358
833,1359
4040,1360
3726,1361
4372,1362
7804,1363
3370,1364
2211,1365
3680,1366
4243,1367
3557,1368
6924,1369
604,1370
2362,1371
3502,1372
6736,1373
3543,1374
1586,1375
2541,1376
2139,1377
7117,1378
3326,1379
4713,1380
798,1381
3852,1382
2610,1383
2904,1384
3161,1385
7067,1386
3433,1387
956,1388
1912,1389
4803,1390
6855,1391
6148,1392
2536,1393
7059,1394
223,1395
6726,1396
6940,1397
3584,1398
4168,1399
5833,1400
523,1401
1658,1402
2284,1403
5662,1404
3887,1405
1093,1406
5717,1407
4548,1408
7521,1409
5562,1410
1110,1411
1035,1412
2237,1413
8107,1414
5721,1415
1690,1416
8483,1417
2341,1418
7084,1419
1161,1420
7550,1421
3425,1422
4460,1423
33,1424
1571,1425
8999,1426
747,1427
8106,1428
7290,1429
2131,1430
4072,1431
2113,1432
1546,1433
4438,1434
5129,1435
3403,1436
5547,1437
1469,1438
4707,1439
136,1440
7009,1441
3935,1442
6090,1443
1187,1444
7297,1445
1360,1446
6964,1447
6183,1448
7847,1449
6030,1450
375,1451
5013,1452
4597,1453
3199,1454
8162,1455
4972,1456
4404,1457
855,1458
1965,1459
7793,1460
2477,1461
1852,1462
7755,1463
1787,1464
5971,1465
4480,1466
6079,1467
953,1468
4550,1469
8242,1470
1726,1471
3936,1472
2998,1473
3966,1474
2147,1475
3976,1476
3461,1477
2605,1478
3328,1479
4800,1480
878,1481
5480,1482
8189,1483
8584,1484
3366,1485
2027,1486
1647,1487
7263,1488
3818,1489
888,1490
2096,1491
6074,1492
7651,1493
2867,1494
3164,1495
7878,1496
4518,1497
6210,1498
7562,1499
4705,1500
5594,1501
6158,1502
467,1503
4900,1504
670,1505
5623,1506
8859,1507
4995,1508
5964,1509
7368,1510
3107,1511
2236,1512
4541,1513
8448,1514
8387,1515
3203,1516
3105,1517
6915,1518
5503,1519
4918,1520
270,1521
1218,1522
1004,1523
7441,1524
121,1525
6270,1526
1236,1527
5528,1528
1848,1529
5176,1530
4777,1531
1021,1532
6196,1533
4297,1534
8524,1535
1005,1536
5919,1537
58,1538
3905,1539
2804,1540
6308,1541
4019,1542
8423,1543
712,1544
3075,1545
1364,1546
4838,1547
815,1548
3859,1549
2888,1550
4608,1551
3347,1552
2826,1553
7935,1554
8479,1555
986,1556
3344,1557
4125,1558
3615,1559
4677,1560
8424,1561
1137,1562
655,1563
3054,1564
8511,1565
190,1566
295,1567
8188,1568
3915,1569
1854,1570
4789,1571
6453,1572
3032,1573
3308,1574
3715,1575
8991,1576
7495,1577
7230,1578
1286,1579
2321,1580
793,1581
3718,1582
8368,1583
7614,1584
6237,1585
3864,1586
7238,1587
2456,1588
2333,1589
4980,1590
2181,1591
7959,1592
8380,1593
5347,1594
3721,1595
783,1596
2075,1597
4628,1598
668,1599
8751,1600
8900,1601
5545,1602
6639,1603
6591,1604
7208,1605
7798,1606
6379,1607
7684,1608
5859,1609
7341,1610
8373,1611
8703,1612
7954,1613
3400,1614
1339,1615
5812,1616
5714,1617
2132,1618
3005,1619
8929,1620
982,1621
7657,1622
3602,1623
1968,1624
3939,1625
1947,1626
6888,1627
302,1628
3215,1629
1225,1630
5938,1631
2082,1632
823,1633
185,1634
5465,1635
546,1636
8775,1637
2533,1638
2458,1639
8690,1640
383,1641
7902,1642
4244,1643
7537,1644
942,1645
2711,1646
7552,1647
427,1648
1666,1649
8575,1650
3151,1651
4184,1652
839,1653
2780,1654
6324,1655
1393,1656
6162,1657
4978,1658
8710,1659
2491,1660
6986,1661
1624,1662
4999,1663
3283,1664
5895,1665
5923,1666
8829,1667
6009,1668
4377,1669
6248,1670
2620,1671
1860,1672
4343,1673
8629,1674
2415,1675
1899,1676
2677,1677
933,1678
1044,1679
3488,1680
6517,1681
2389,1682
7271,1683
2890,1684
1794,1685
2062,1686
5820,1687
1955,1688
8537,1689
4645,1690
536,1691
5725,1692
192,1693
6570,1694
4913,1695
6444,1696
2926,1697
2070,1698
2353,1699
4587,1700
6280,1701
1795,1702
7473,1703
2710,1704
1424,1705
3068,1706
4842,1707
1625,1708
8654,1709
5362,1710
8989,1711
4188,1712
7851,1713
7190,1714
8945,1715
3211,1716
5835,1717
5819,1718
6816,1719
7163,1720
2975,1721
8792,1722
7717,1723
7832,1724
3254,1725
1037,1726
957,1727
3024,1728
6374,1729
8297,1730
3696,1731
2176,1732
7330,1733
218,1734
6493,1735
3168,1736
5846,1737
135,1738
6916,1739
3834,1740
3080,1741
699,1742
8328,1743
8923,1744
6997,1745
4198,1746
7086,1747
3902,1748
7005,1749
4170,1750
11,1751
8002,1752
7783,1753
8952,1754
4286,1755
3884,1756
755,1757
6093,1758
7209,1759
4558,1760
637,1761
6281,1762
8233,1763
5831,1764
2573,1765
1443,1766
2802,1767
5444,1768
5331,1769
984,1770
2469,1771
1404,1772
5766,1773
4403,1774
4309,1775
717,1776
1221,1777
8056,1778
3101,1779
4112,1780
4582,1781
7308,1782
549,1783
5194,1784
6341,1785
7,1786
3201,1787
5084,1788
3268,1789
2973,1790
4782,1791
4944,1792
6078,1793
6845,1794
3556,1795
2115,1796
3495,1797
2958,1798
3563,1799
5614,1800
9,1801
3352,1802
106,1803
2995,1804
8267,1805
2354,1806
920,1807
3814,1808
5417,1809
2255,1810
3239,1811
1601,1812
7068,1813
7493,1814
8687,1815
5019,1816
7884,1817
709,1818
353,1819
3486,1820
8445,1821
7350,1822
4610,1823
8335,1824
4932,1825
7333,1826
7027,1827
6087,1828
2209,1829
616,1830
1160,1831
2031,1832
4706,1833
1866,1834
7459,1835
1765,1836
1634,1837
5003,1838
6754,1839
461,1840
7502,1841
1318,1842
8165,1843
8433,1844
5902,1845
6395,1846
4456,1847
8400,1848
5265,1849
1946,1850
1356,1851
7245,1852
4100,1853
3850,1854
356,1855
1193,1856
4922,1857
8552,1858
7627,1859
1792,1860
7485,1861
5986,1862
294,1863
7869,1864
7237,1865
3335,1866
2752,1867
5099,1868
5972,1869
1256,1870
5715,1871
2256,1872
5884,1873
6613,1874
7689,1875
3525,1876
8676,1877
4971,1878
8824,1879
5706,1880
534,1881
8670,1882
4791,1883
3613,1884
6363,1885
3474,1886
1868,1887
5507,1888
5205,1889
7206,1890
779,1891
2865,1892
6510,1893
1966,1894
6169,1895
5771,1896
2411,1897
7662,1898
56,1899
1124,1900
5149,1901
3359,1902
7213,1903
6391,1904
4573,1905
3975,1906
7638,1907
588,1908
7042,1909
7406,1910
72,1911
6146,1912
560,1913
3048,1914
5878,1915
2632,1916
4017,1917
5252,1918
6268,1919
387,1920
2226,1921
2317,1922
8343,1923
8193,1924
5922,1925
1118,1926
6028,1927
7461,1928
370,1929
5823,1930
6076,1931
5411,1932
8183,1933
7666,1934
884,1935
6770,1936
3923,1937
2944,1938
1590,1939
6014,1940
5695,1941
789,1942
2848,1943
2375,1944
5958,1945
5510,1946
4481,1947
1784,1948
5653,1949
4093,1950
7865,1951
6685,1952
1204,1953
1195,1954
666,1955
4908,1956
1686,1957
5100,1958
7916,1959
1142,1960
3597,1961
8118,1962
6130,1963
1077,1964
5214,1965
3860,1966
8379,1967
7074,1968
2877,1969
4877,1970
5511,1971
7442,1972
2622,1973
1493,1974
1890,1975
7278,1976
5907,1977
3609,1978
2845,1979
8905,1980
8013,1981
1653,1982
3104,1983
882,1984
803,1985
8665,1986
6742,1987
5944,1988
8711,1989
6573,1990
4547,1991
3947,1992
6425,1993
5994,1994
7030,1995
3076,1996
2059,1997
8302,1998
3414,1999
939,2000
477,2001
3594,2002
1345,2003
835,2004
8347,2005
8926,2006
3623,2007
6321,2008
396,2009
665,2010
3616,2011
7708,2012
7856,2013
163,2014
1730,2015
8501,2016
955,2017
8358,2018
5626,2019
5824,2020
5075,2021
7819,2022
374,2023
1832,2024
4073,2025
4477,2026
801,2027
7154,2028
2337,2029
8658,2030
8194,2031
4194,2032
5017,2033
3735,2034
1366,2035
3245,2036
6405,2037
1640,2038
2959,2039
8174,2040
5093,2041
2066,2042
7669,2043
1296,2044
3237,2045
339,2046
5855,2047
1938,2048
7748,2049
969,2050
805,2051
2199,2052
7013,2053
1361,2054
6442,2055
1400,2056
7739,2057
6716,2058
2158,2059
8085,2060
7419,2061
1627,2062
6331,2063
8680,2064
2117,2065
4685,2066
5731,2067
3184,2068
1348,2069
5036,2070
530,2071
1642,2072
8649,2073
8853,2074
2531,2075
6938,2076
5309,2077
315,2078
1012,2079
5555,2080
2851,2081
3019,2082
4076,2083
6827,2084
5665,2085
3028,2086
645,2087
6663,2088
7482,2089
6307,2090
3226,2091
2012,2092
3574,2093
4826,2094
8831,2095
3322,2096
4366,2097
7395,2098
8447,2099
7978,2100
5502,2101
3589,2102
6346,2103
5275,2104
8371,2105
5946,2106
8166,2107
6489,2108
8282,2109
5962,2110
1980,2111
8987,2112
2171,2113
232,2114
7972,2115
4976,2116
6072,2117
8477,2118
8970,2119
6595,2120
1240,2121
3760,2122
8943,2123
7122,2124
3942,2125
8618,2126
2741,2127
4196,2128
7540,2129
2481,2130
3500,2131
646,2132
8918,2133
3208,2134
2098,2135
5302,2136
205,2137
8108,2138
2204,2139
4117,2140
284,2141
771,2142
3377,2143
1338,2144
1151,2145
7146,2146
7259,2147
5229,2148
1337,2149
8516,2150
64,2151
5760,2152
8305,2153
8655,2154
1907,2155
4075,2156
749,2157
7185,2158
3858,2159
6634,2160
7369,2161
3811,2162
8593,2163
2736,2164
6319,2165
5873,2166
7679,2167
4498,2168
3847,2169
2356,2170
123,2171
6988,2172
932,2173
3958,2174
5105,2175
2949,2176
8735,2177
6383,2178
2769,2179
6526,2180
8874,2181
6024,2182
4002,2183
5625,2184
6455,2185
3835,2186
8588,2187
5770,2188
8589,2189
2969,2190
3356,2191
5057,2192
8145,2193
3389,2194
5170,2195
2625,2196
6563,2197
3385,2198
3537,2199
3063,2200
564,2201
4479,2202
2372,2203
6251,2204
2824,2205
5461,2206
1302,2207
2229,2208
1414,2209
1056,2210
4408,2211
1255,2212
751,2213
3878,2214
2307,2215
8271,2216
7516,2217
7629,2218
3102,2219
8896,2220
710,2221
7119,2222
7365,2223
2267,2224
152,2225
1846,2226
4148,2227
2901,2228
3205,2229
6376,2230
765,2231
3542,2232
825,2233
5256,2234
7997,2235
8939,2236
2816,2237
8336,2238
2395,2239
7596,2240
7491,2241
2135,2242
1958,2243
3567,2244
3785,2245
5509,2246
3263,2247
1103,2248
2706,2249
3392,2250
3008,2251
4289,2252
5285,2253
6340,2254
2966,2255
4128,2256
1878,2257
6908,2258
2090,2259
768,2260
733,2261
1094,2262
6070,2263
685,2264
701,2265
5628,2266
8696,2267
5658,2268
4533,2269
1164,2270
6106,2271
8153,2272
1530,2273
7556,2274
6387,2275
2423,2276
2518,2277
4240,2278
7799,2279
3630,2280
5450,2281
5955,2282
2144,2283
4872,2284
794,2285
6144,2286
78,2287
8545,2288
4497,2289
7360,2290
3318,2291
4801,2292
7722,2293
5353,2294
2108,2295
1121,2296
7585,2297
7792,2298
8732,2299
8120,2300
6462,2301
2636,2302
6874,2303
420,2304
1235,2305
1505,2306
5671,2307
3808,2308
977,2309
5239,2310
2627,2311
7394,2312
13,2313
5853,2314
3869,2315
250,2316
551,2317
736,2318
4427,2319
4536,2320
4874,2321
415,2322
2265,2323
4267,2324
8480,2325
7131,2326
5997,2327
354,2328
3241,2329
4016,2330
6192,2331
4982,2332
5121,2333
5145,2334
5203,2335
5942,2336
4116,2337
1563,2338
3797,2339
3748,2340
8428,2341
8726,2342
4214,2343
6253,2344
1022,2345
4183,2346
4105,2347
1006,2348
5385,2349
2967,2350
360,2351
7517,2352
7873,2353
8154,2354
7564,2355
5449,2356
3459,2357
166,2358
1072,2359
1881,2360
1079,2361
235,2362
389,2363
1727,2364
6677,2365
7147,2366
4189,2367
8631,2368
3272,2369
1010,2370
8286,2371
1354,2372
5451,2373
6832,2374
7195,2375
5179,2376
3504,2377
667,2378
7318,2379
3565,2380
3547,2381
8012,2382
8169,2383
5624,2384
8334,2385
1661,2386
774,2387
3448,2388
2197,2389
281,2390
2960,2391
3662,2392
5426,2393
3210,2394
7990,2395
2893,2396
2675,2397
4781,2398
4335,2399
3506,2400
7407,2401
1939,2402
3974,2403
4349,2404
6848,2405
5355,2406
721,2407
8647,2408
6668,2409
1845,2410
2261,2411
348,2412
3316,2413
471,2414
7830,2415
4442,2416
8601,2417
1049,2418
2519,2419
7127,2420
5953,2421
1336,2422
3853,2423
1672,2424
906,2425
8857,2426
2514,2427
2648,2428
6700,2429
8360,2430
129,2431
1401,2432
7671,2433
4486,2434
5210,2435
1220,2436
6133,2437
3317,2438
3526,2439
8494,2440
5720,2441
5842,2442
4788,2443
6960,2444
3310,2445
504,2446
3829,2447
1964,2448
5976,2449
2080,2450
5414,2451
7252,2452
8332,2453
7056,2454
5182,2455
271,2456
1934,2457
2947,2458
1567,2459
2679,2460
848,2461
8851,2462
6508,2463
1158,2464
5838,2465
103,2466
8135,2467
3764,2468
6032,2469
3098,2470
7299,2471
5702,2472
6556,2473
4311,2474
5422,2475
2847,2476
3540,2477
5620,2478
3882,2479
7153,2480
8637,2481
5324,2482
8954,2483
3723,2484
6606,2485
6312,2486
7576,2487
8862,2488
720,2489
7334,2490
6602,2491
8488,2492
714,2493
2133,2494
5684,2495
7919,2496
6275,2497
4210,2498
7643,2499
5452,2500
827,2501
631,2502
5801,2503
7736,2504
5518,2505
5630,2506
2945,2507
6115,2508
4482,2509
6600,2510
8064,2511
7025,2512
2282,2513
2778,2514
515,2515
8245,2516
3264,2517
3198,2518
2830,2519
7107,2520
8705,2521
2761,2522
352,2523
4356,2524
2934,2525
6791,2526
5101,2527
88,2528
1830,2529
7157,2530
5140,2531
1405,2532
5048,2533
4983,2534
2361,2535
1303,2536
405,2537
5490,2538
4468,2539
1668,2540
2316,2541
5202,2542
3508,2543
2266,2544
8357,2545
2553,2546
2994,2547
7574,2548
5274,2549
2495,2550
816,2551
6907,2552
3114,2553
8740,2554
2601,2555
7020,2556
3423,2557
6910,2558
5423,2559
234,2560
8512,2561
5487,2562
4123,2563
8140,2564
6867,2565
7130,2566
6798,2567
1454,2568
6683,2569
3914,2570
4329,2571
7014,2572
6309,2573
8383,2574
193,2575
229,2576
83,2577
6977,2578
2713,2579
2811,2580
6725,2581
1046,2582
1873,2583
8222,2584
6175,2585
3162,2586
301,2587
4338,2588
8112,2589
4201,2590
2399,2591
4609,2592
5389,2593
361,2594
5000,2595
952,2596
3312,2597
274,2598
172,2599
8885,2600
3665,2601
2290,2602
1226,2603
7448,2604
4,2605
5305,2606
7184,2607
2326,2608
2076,2609
6235,2610
7591,2611
7937,2612
226,2613
1581,2614
4744,2615
1754,2616
2618,2617
4370,2618
4376,2619
7801,2620
2913,2621
4251,2622
6903,2623
5814,2624
8643,2625
6534,2626
2402,2627
7058,2628
2687,2629
6266,2630
1942,2631
5086,2632
7565,2633
7060,2634
1914,2635
6972,2636
3802,2637
4213,2638
2827,2639
2272,2640
7240,2641
7625,2642
8407,2643
3174,2644
6678,2645
1474,2646
8033,2647
2104,2648
3989,2649
2453,2650
1585,2651
6393,2652
1026,2653
8866,2654
1673,2655
6498,2656
2542,2657
7047,2658
1948,2659
6750,2660
741,2661
8924,2662
3959,2663
8790,2664
2169,2665
2462,2666
5187,2667
2343,2668
5707,2669
4942,2670
2294,2671
2191,2672
4936,2673
258,2674
3848,2675
5136,2676
49,2677
2289,2678
5650,2679
4034,2680
1130,2681
7980,2682
7696,2683
4945,2684
4858,2685
3144,2686
6951,2687
4688,2688
4641,2689
2825,2690
8955,2691
2500,2692
3257,2693
77,2694
2466,2695
4779,2696
624,2697
8881,2698
2889,2699
1570,2700
2145,2701
1070,2702
2011,2703
5007,2704
5300,2705
7628,2706
7077,2707
3287,2708
4091,2709
2731,2710
2227,2711
1113,2712
6633,2713
4383,2714
2651,2715
8602,2716
326,2717
4365,2718
6056,2719
59,2720
4761,2721
1733,2722
1983,2723
5869,2724
8723,2725
7892,2726
6282,2727
4462,2728
1194,2729
7362,2730
1920,2731
6928,2732
4285,2733
6065,2734
2072,2735
817,2736
3413,2737
1433,2738
7343,2739
7319,2740
5395,2741
870,2742
2722,2743
6061,2744
6674,2745
5294,2746
381,2747
5885,2748
2585,2749
4928,2750
3497,2751
174,2752
3222,2753
2489,2754
619,2755
6953,2756
5070,2757
7759,2758
5024,2759
6615,2760
4384,2761
5081,2762
692,2763
841,2764
5949,2765
4881,2766
6740,2767
3191,2768
6310,2769
8557,2770
5571,2771
6373,2772
2347,2773
4092,2774
527,2775
5967,2776
6494,2777
3355,2778
1382,2779
87,2780
2860,2781
2686,2782
4121,2783
3185,2784
2793,2785
4787,2786
8254,2787
4023,2788
3140,2789
6864,2790
6729,2791
4681,2792
585,2793
6657,2794
3163,2795
3699,2796
1702,2797
4711,2798
8712,2799
636,2800
7140,2801
1842,2802
6640,2803
7554,2804
7057,2805
437,2806
2425,2807
4387,2808
2435,2809
2538,2810
3353,2811
7079,2812
7194,2813
1834,2814
4295,2815
8331,2816
671,2817
7404,2818
2364,2819
1669,2820
3664,2821
4005,2822
5319,2823
8157,2824
4893,2825
3568,2826
8215,2827
8992,2828
1066,2829
2004,2830
2560,2831
4325,2832
248,2833
4220,2834
6821,2835
885,2836
8800,2837
3481,2838
625,2839
707,2840
6825,2841
7018,2842
7813,2843
879,2844
296,2845
4050,2846
3484,2847
2287,2848
6522,2849
1940,2850
6019,2851
4979,2852
1952,2853
1537,2854
2077,2855
4177,2856
5193,2857
1202,2858
1512,2859
1312,2860
2315,2861
3731,2862
6427,2863
930,2864
7703,2865
1532,2866
3691,2867
7370,2868
1734,2869
7069,2870
837,2871
7372,2872
3643,2873
7822,2874
5968,2875
5610,2876
5679,2877
3713,2878
2530,2879
5164,2880
6920,2881
8717,2882
6375,2883
4130,2884
3700,2885
1770,2886
2570,2887
4515,2888
5836,2889
6512,2890
2624,2891
320,2892
4946,2893
7917,2894
2029,2895
8913,2896
2723,2897
5742,2898
4720,2899
2278,2900
7750,2901
2747,2902
5837,2903
7831,2904
3688,2905
808,2906
8268,2907
4869,2908
7757,2909
6466,2910
2887,2911
6246,2912
4108,2913
111,2914
508,2915
7113,2916
5794,2917
2640,2918
8072,2919
5670,2920
6490,2921
6434,2922
7236,2923
3667,2924
1406,2925
4503,2926
8457,2927
288,2928
8377,2929
6900,2930
5001,2931
6904,2932
5131,2933
2699,2934
4850,2935
4821,2936
3056,2937
7558,2938
1995,2939
2828,2940
2529,2941
8754,2942
6538,2943
344,2944
212,2945
2042,2946
7445,2947
30,2948
2394,2949
1655,2950
6679,2951
363,2952
6168,2953
3440,2954
1684,2955
1247,2956
2468,2957
1127,2958
8633,2959
5329,2960
5033,2961
4138,2962
7281,2963
5230,2964
8374,2965
5431,2966
4153,2967
3014,2968
3270,2969
2548,2970
5320,2971
1036,2972
8259,2973
8749,2974
4322,2975
432,2976
474,2977
7139,2978
5584,2979
6410,2980
2393,2981
1762,2982
5845,2983
6318,2984
8686,2985
7639,2986
7589,2987
4895,2988
3015,2989
6362,2990
3747,2991
5991,2992
2512,2993
703,2994
8481,2995
8482,2996
695,2997
4203,2998
8066,2999
4717,3000
5758,3001
686,3002
8820,3003
1355,3004
2903,3005
5153,3006
6849,3007
7979,3008
904,3009
8437,3010
494,3011
7923,3012
6575,3013
4622,3014
6709,3015
2813,3016
2339,3017
7762,3018
1949,3019
8451,3020
3507,3021
158,3022
660,3023
6542,3024
6366,3025
7028,3026
113,3027
3333,3028
8638,3029
4914,3030
8409,3031
4658,3032
7665,3033
5696,3034
3896,3035
3743,3036
8102,3037
5132,3038
6733,3039
511,3040
6191,3041
2148,3042
6454,3043
5642,3044
4320,3045
3920,3046
4011,3047
5778,3048
7087,3049
6838,3050
1024,3051
8278,3052
7243,3053
4700,3054
3300,3055
8270,3056
569,3057
5228,3058
6049,3059
8288,3060
2178,3061
8098,3062
7991,3063
5011,3064
4884,3065
851,3066
392,3067
4012,3068
5374,3069
6996,3070
3234,3071
8313,3072
3236,3073
5661,3074
3213,3075
8573,3076
2487,3077
5558,3078
3941,3079
4557,3080
5370,3081
6229,3082
322,3083
2302,3084
491,3085
8158,3086
6794,3087
4074,3088
6394,3089
577,3090
4270,3091
5909,3092
8958,3093
3517,3094
3432,3095
1859,3096
2718,3097
8246,3098
7097,3099
6605,3100
787,3101
8086,3102
2547,3103
7955,3104
6833,3105
3176,3106
1000,3107
7305,3108
5793,3109
683,3110
5913,3111
8957,3112
2205,3113
8901,3114
4169,3115
5675,3116
3973,3117
7871,3118
4451,3119
2276,3120
8209,3121
5360,3122
8470,3123
4575,3124
2657,3125
5900,3126
6545,3127
6576,3128
8531,3129
4476,3130
3586,3131
7738,3132
7287,3133
2312,3134
7872,3135
2886,3136
1941,3137
963,3138
3124,3139
2552,3140
7353,3141
1540,3142
7719,3143
3135,3144
8697,3145
2668,3146
8314,3147
8232,3148
2562,3149
1129,3150
4225,3151
4047,3152
3365,3153
2461,3154
372,3155
6258,3156
4143,3157
620,3158
4574,3159
2810,3160
2619,3161
4516,3162
1994,3163
1801,3164
7412,3165
657,3166
522,3167
5493,3168
6523,3169
6313,3170
6326,3171
6269,3172
3674,3173
4302,3174
5035,3175
3861,3176
6156,3177
2652,3178
8818,3179
806,3180
5257,3181
6818,3182
6174,3183
7993,3184
4382,3185
4165,3186
7123,3187
5539,3188
8817,3189
2407,3190
7424,3191
5691,3192
2938,3193
8412,3194
8606,3195
7609,3196
377,3197
495,3198
7597,3199
4916,3200
3531,3201
898,3202
6767,3203
4816,3204
7075,3205
2161,3206
8833,3207
53,3208
2849,3209
7515,3210
8826,3211
2001,3212
7794,3213
7359,3214
1788,3215
6519,3216
8300,3217
5606,3218
4255,3219
535,3220
4294,3221
2879,3222
3058,3223
6684,3224
8348,3225
7161,3226
4765,3227
1144,3228
8925,3229
1139,3230
3166,3231
5208,3232
3582,3233
1501,3234
3171,3235
1155,3236
6992,3237
3187,3238
125,3239
6039,3240
7300,3241
1325,3242
8579,3243
2763,3244
7636,3245
8590,3246
1623,3247
8306,3248
3417,3249
2976,3250
1,3251
5854,3252
582,3253
7821,3254
6095,3255
7570,3256
8716,3257
5337,3258
7474,3259
6242,3260
3219,3261
3684,3262
8403,3263
2373,3264
2626,3265
2193,3266
8399,3267
3778,3268
6820,3269
7256,3270
5549,3271
1595,3272
6443,3273
7306,3274
5512,3275
1014,3276
3042,3277
137,3278
3949,3279
5868,3280
7062,3281
865,3282
6618,3283
5409,3284
8310,3285
2925,3286
6930,3287
6747,3288
8619,3289
1969,3290
4261,3291
2572,3292
5253,3293
5985,3294
8191,3295
3064,3296
6086,3297
1084,3298
6911,3299
8530,3300
3536,3301
8417,3302
543,3303
1872,3304
4671,3305
6008,3306
6424,3307
5894,3308
5774,3309
4344,3310
5006,3311
7648,3312
1162,3313
6959,3314
2729,3315
1622,3316
4452,3317
1159,3318
936,3319
2650,3320
3921,3321
3849,3322
3919,3323
3971,3324
8367,3325
5772,3326
4066,3327
2683,3328
1143,3329
3784,3330
5501,3331
1777,3332
1034,3333
1667,3334
2334,3335
5911,3336
5244,3337
8909,3338
8942,3339
5211,3340
5925,3341
6135,3342
5321,3343
5918,3344
2019,3345
4490,3346
1913,3347
4806,3348
6404,3349
14,3350
1510,3351
6718,3352
4695,3353
5391,3354
7604,3355
1935,3356
1261,3357
4242,3358
2807,3359
6578,3360
4562,3361
7616,3362
7898,3363
8577,3364
6301,3365
4745,3366
3276,3367
182,3368
5457,3369
2924,3370
7725,3371
4142,3372
2669,3373
8065,3374
2835,3375
8669,3376
8228,3377
4549,3378
5554,3379
1076,3380
2273,3381
2022,3382
8974,3383
4436,3384
8860,3385
8688,3386
5872,3387
1986,3388
7660,3389
4505,3390
5445,3391
1227,3392
6877,3393
5127,3394
8986,3395
8887,3396
7415,3397
7405,3398
4962,3399
3073,3400
6771,3401
7010,3402
3309,3403
3946,3404
459,3405
5990,3406
8454,3407
6392,3408
4415,3409
5477,3410
2018,3411
5737,3412
978,3413
3070,3414
8982,3415
1905,3416
6643,3417
239,3418
3446,3419
4501,3420
2977,3421
6055,3422
7114,3423
2250,3424
6795,3425
1583,3426
4332,3427
5746,3428
1483,3429
3060,3430
4134,3431
5224,3432
2215,3433
7279,3434
7101,3435
8621,3436
3397,3437
8410,3438
1470,3439
5143,3440
5078,3441
438,3442
5004,3443
6160,3444
5371,3445
2714,3446
676,3447
7561,3448
1119,3449
1392,3450
4887,3451
1978,3452
3221,3453
1343,3454
4827,3455
1273,3456
1621,3457
5960,3458
8082,3459
167,3460
4957,3461
3003,3462
5916,3463
2790,3464
8870,3465
745,3466
3200,3467
8207,3468
3899,3469
506,3470
159,3471
8295,3472
5469,3473
6315,3474
3938,3475
2831,3476
2035,3477
7559,3478
8492,3479
8430,3480
8322,3481
781,3482
2781,3483
6744,3484
5866,3485
6727,3486
2658,3487
8691,3488
4743,3489
1171,3490
730,3491
8568,3492
5947,3493
4580,3494
673,3495
1557,3496
1027,3497
1609,3498
2935,3499
1933,3500
2501,3501
5382,3502
6252,3503
1282,3504
5692,3505
3181,3506
6155,3507
7414,3508
8614,3509
436,3510
403,3511
4163,3512
8578,3513
4268,3514
4164,3515
6345,3516
587,3517
2119,3518
1735,3519
8287,3520
2039,3521
3429,3522
2015,3523
4890,3524
367,3525
6891,3526
1001,3527
18,3528
3539,3529
2684,3530
6371,3531
2093,3532
3038,3533
8099,3534
4096,3535
3851,3536
5323,3537
4437,3538
379,3539
3065,3540
177,3541
5870,3542
4648,3543
5807,3544
6518,3545
3925,3546
3183,3547
2408,3548
1600,3549
2102,3550
1229,3551
6560,3552
7732,3553
4679,3554
2440,3555
6603,3556
2146,3557
6828,3558
6176,3559
1254,3560
8566,3561
2217,3562
408,3563
7890,3564
3930,3565
343,3566
6720,3567
304,3568
7705,3569
7314,3570
306,3571
2136,3572
2002,3573
3625,3574
3694,3575
5798,3576
2644,3577
1559,3578
623,3579
7347,3580
6781,3581
3956,3582
797,3583
6923,3584
4736,3585
2303,3586
8596,3587
7800,3588
3571,3589
8216,3590
3987,3591
5939,3592
7024,3593
3807,3594
4687,3595
7580,3596
7317,3597
4471,3598
2732,3599
6412,3600
4528,3601
3697,3602
8834,3603
2484,3604
2832,3605
6000,3606
1924,3607
8299,3608
2561,3609
3043,3610
5887,3611
6810,3612
468,3613
4984,3614
2956,3615
1101,3616
5406,3617
1262,3618
6755,3619
5777,3620
1269,3621
1826,3622
421,3623
4831,3624
4464,3625
6669,3626
6200,3627
5857,3628
6787,3629
4973,3630
8608,3631
4263,3632
6588,3633
94,3634
3137,3635
3793,3636
693,3637
7807,3638
8698,3639
6642,3640
4941,3641
5828,3642
7602,3643
1104,3644
32,3645
923,3646
4287,3647
7112,3648
829,3649
2963,3650
8088,3651
2184,3652
7219,3653
4206,3654
6411,3655
2360,3656
6329,3657
561,3658
6285,3659
1362,3660
3538,3661
4673,3662
3788,3663
3901,3664
6676,3665
8759,3666
7523,3667
7331,3668
1519,3669
3018,3670
5703,3671
8263,3672
341,3673
6276,3674
6932,3675
165,3676
6488,3677
5892,3678
1638,3679
4954,3680
2166,3681
1561,3682
2162,3683
7267,3684
8408,3685
4299,3686
6401,3687
5405,3688
2476,3689
7159,3690
5871,3691
3482,3692
4405,3693
6094,3694
4260,3695
3510,3696
3384,3697
7606,3698
6317,3699
5273,3700
5065,3701
3720,3702
8784,3703
7085,3704
8131,3705
1476,3706
4904,3707
3666,3708
5499,3709
5282,3710
6180,3711
5673,3712
8138,3713
2401,3714
225,3715
1932,3716
6461,3717
3647,3718
1579,3719
4216,3720
3253,3721
7015,3722
2616,3723
3233,3724
7464,3725
1497,3726
4039,3727
6354,3728
6847,3729
4083,3730
2245,3731
7181,3732
3230,3733
3739,3734
8351,3735
2744,3736
4540,3737
5914,3738
8541,3739
3081,3740
4494,3741
1331,3742
4064,3743
4955,3744
3813,3745
7144,3746
1779,3747
4894,3748
2784,3749
4968,3750
7329,3751
3790,3752
2419,3753
8061,3754
6114,3755
4856,3756
6918,3757
2170,3758
4834,3759
5908,3760
4280,3761
3981,3762
7761,3763
6514,3764
2946,3765
763,3766
3622,3767
1441,3768
443,3769
8141,3770
4756,3771
3229,3772
3933,3773
8794,3774
897,3775
7411,3776
6035,3777
3996,3778
8237,3779
6990,3780
4429,3781
4363,3782
5888,3783
6696,3784
5950,3785
6347,3786
3456,3787
2221,3788
7519,3789
6286,3790
592,3791
8786,3792
4818,3793
6670,3794
43,3795
5505,3796
8544,3797
8199,3798
2483,3799
3157,3800
5761,3801
863,3802
201,3803
4948,3804
7549,3805
3554,3806
5966,3807
5284,3808
4099,3809
1903,3810
5051,3811
910,3812
643,3813
2593,3814
6467,3815
2188,3816
6777,3817
4594,3818
5586,3819
433,3820
7346,3821
1545,3822
6889,3823
1685,3824
5632,3825
7225,3826
3817,3827
6459,3828
8505,3829
8646,3830
457,3831
876,3832
2254,3833
5565,3834
4508,3835
92,3836
5893,3837
476,3838
1350,3839
448,3840
5733,3841
1558,3842
3595,3843
286,3844
3820,3845
7481,3846
1678,3847
7740,3848
7786,3849
4605,3850
938,3851
1050,3852
8461,3853
6554,3854
5822,3855
3411,3856
4472,3857
310,3858
1136,3859
7766,3860
2704,3861
3614,3862
5058,3863
5242,3864
1451,3865
654,3866
7393,3867
1224,3868
6205,3869
2214,3870
5443,3871
916,3872
2621,3873
4475,3874
7742,3875
2366,3876
7110,3877
233,3878
3771,3879
4555,3880
7327,3881
8976,3882
658,3883
5899,3884
3410,3885
1865,3886
4784,3887
1718,3888
4446,3889
1491,3890
7198,3891
7039,3892
1038,3893
6796,3894
8298,3895
1008,3896
1619,3897
5312,3898
7782,3899
6350,3900
1926,3901
8917,3902
7520,3903
1517,3904
5112,3905
1911,3906
3944,3907
1504,3908
6991,3909
5816,3910
104,3911
8799,3912
1962,3913
8449,3914
3950,3915
8034,3916
2346,3917
2422,3918
2728,3919
7673,3920
5351,3921
7478,3922
5079,3923
7796,3924
6181,3925
6202,3926
7382,3927
1785,3928
3839,3929
4197,3930
1646,3931
8893,3932
8819,3933
8990,3934
7861,3935
2646,3936
598,3937
5843,3938
1145,3939
698,3940
4537,3941
107,3942
2559,3943
328,3944
2504,3945
6250,3946
1618,3947
7450,3948
1025,3949
959,3950
5158,3951
687,3952
6699,3953
7729,3954
871,3955
4219,3956
3250,3957
7921,3958
6532,3959
8292,3960
3669,3961
1487,3962
3687,3963
6003,3964
6333,3965
2189,3966
3865,3967
1831,3968
3282,3969
6807,3970
303,3971
3485,3972
867,3973
5147,3974
8774,3975
451,3976
1529,3977
4896,3978
5267,3979
6112,3980
5548,3981
2660,3982
907,3983
7403,3984
4710,3985
1781,3986
4732,3987
1080,3988
4049,3989
7201,3990
6208,3991
8564,3992
7590,3993
2100,3994
6390,3995
4752,3996
1042,3997
8532,3998
1840,3999
1420,4000
8809,4001
8744,4002
3258,4003
1065,4004
8103,4005
6170,4006
2637,4007
2902,4008
1972,4009
1099,4010
6956,4011
4434,4012
8769,4013
8931,4014
1495,4015
2222,4016
6330,4017
8009,4018
1692,4019
364,4020
2068,4021
1146,4022
5037,4023
3152,4024
6929,4025
3155,4026
8838,4027
209,4028
2882,4029
3872,4030
672,4031
1091,4032
7922,4033
5999,4034
5883,4035
8258,4036
6007,4037
4649,4038
4556,4039
2231,4040
5341,4041
3357,4042
4094,4043
5138,4044
5432,4045
3009,4046
8257,4047
3769,4048
3515,4049
7613,4050
7551,4051
4709,4052
2242,4053
628,4054
6029,4055
3917,4056
4925,4057
4694,4058
4654,4059
8177,4060
2983,4061
4191,4062
1803,4063
1299,4064
4670,4065
4785,4066
214,4067
1206,4068
5223,4069
8363,4070
8115,4071
1446,4072
7956,4073
4967,4074
995,4075
7754,4076
2599,4077
5052,4078
1231,4079
1342,4080
6260,4081
7289,4082
275,4083
2094,4084
6721,4085
1379,4086
134,4087
5969,4088
6901,4089
4119,4090
2381,4091
6380,4092
7377,4093
1772,4094
6497,4095
517,4096
1123,4097
1267,4098
5039,4099
5231,4100
26,4101
4823,4102
6737,4103
8406,4104
4847,4105
3758,4106
866,4107
4853,4108
149,4109
5531,4110
5372,4111
3296,4112
2050,4113
639,4114
7677,4115
7506,4116
309,4117
3830,4118
8204,4119
4253,4120
138,4121
7566,4122
7504,4123
7397,4124
7277,4125
6585,4126
3965,4127
1575,4128
2488,4129
208,4130
8975,4131
3416,4132
3692,4133
4018,4134
7950,4135
792,4136
5359,4137
5111,4138
3889,4139
7109,4140
5585,4141
7083,4142
4909,4143
8783,4144
8087,4145
5072,4146
8934,4147
8006,4148
7460,4149
5366,4150
3552,4151
3709,4152
1827,4153
8616,4154
8739,4155
7199,4156
5782,4157
4245,4158
679,4159
7700,4160
8903,4161
1885,4162
3182,4163
947,4164
7457,4165
7939,4166
6564,4167
4158,4168
4312,4169
3220,4170
1717,4171
4223,4172
4938,4173
6357,4174
1956,4175
8003,4176
6335,4177
484,4178
3012,4179
5981,4180
1258,4181
6540,4182
6111,4183
3306,4184
475,4185
1749,4186
1943,4187
7608,4188
5701,4189
1694,4190
2459,4191
597,4192
3776,4193
7809,4194
4617,4195
3441,4196
1107,4197
93,4198
68,4199
2951,4200
8289,4201
6177,4202
4406,4203
4630,4204
8060,4205
976,4206
5537,4207
7532,4208
278,4209
6999,4210
3985,4211
4024,4212
7447,4213
4790,4214
1796,4215
887,4216
8372,4217
3412,4218
8994,4219
2878,4220
1681,4221
8344,4222
7906,4223
7969,4224
7189,4225
3180,4226
4686,4227
6804,4228
45,4229
8721,4230
4053,4231
2999,4232
8160,4233
8644,4234
252,4235
7681,4236
287,4237
1007,4238
6690,4239
1251,4240
2121,4241
929,4242
4239,4243
8832,4244
3682,4245
1062,4246
8484,4247
5012,4248
1904,4249
6697,4250
5365,4251
7016,4252
1838,4253
3783,4254
7264,4255
831,4256
4742,4257
3179,4258
8583,4259
401,4260
6505,4261
98,4262
4217,4263
412,4264
8678,4265
5167,4266
3940,4267
1230,4268
4127,4269
1818,4270
3794,4271
5646,4272
2092,4273
1892,4274
2445,4275
7535,4276
1816,4277
4859,4278
6756,4279
266,4280
1085,4281
606,4282
8714,4283
8405,4284
7534,4285
1358,4286
154,4287
1556,4288
7634,4289
6161,4290
2165,4291
8274,4292
3280,4293
854,4294
1992,4295
5425,4296
838,4297
3660,4298
1867,4299
6712,4300
402,4301
7388,4302
6944,4303
1291,4304
4463,4305
1472,4306
8854,4307
545,4308
5061,4309
8426,4310
6571,4311
4774,4312
3561,4313
3167,4314
1233,4315
1310,4316
5519,4317
257,4318
7454,4319
948,4320
5434,4321
1450,4322
862,4323
954,4324
5979,4325
675,4326
3111,4327
5615,4328
7986,4329
2268,4330
2292,4331
6551,4332
5097,4333
5852,4334
3655,4335
6501,4336
5122,4337
1419,4338
2413,4339
2787,4340
1916,4341
4553,4342
3880,4343
8549,4344
5657,4345
1440,4346
1709,4347
5973,4348
7200,4349
1439,4350
6139,4351
4059,4352
5089,4353
7000,4354
7065,4355
2234,4356
8977,4357
8527,4358
1716,4359
3408,4360
5886,4361
8370,4362
6899,4363
1578,4364
7971,4365
2157,4366
6773,4367
6328,4368
7756,4369
4386,4370
3750,4371
652,4372
1701,4373
896,4374
5040,4375
6465,4376
4237,4377
7371,4378
7864,4379
4140,4380
6730,4381
3963,4382
2173,4383
2930,4384
7925,4385
6203,4386
7860,4387
7779,4388
6042,4389
8664,4390
2208,4391
4081,4392
2645,4393
7970,4394
5025,4395
160,4396
6239,4397
3214,4398
6641,4399
7455,4400
531,4401
1533,4402
3480,4403
1294,4404
8020,4405
2715,4406
2798,4407
4903,4408
7052,4409
1706,4410
21,4411
4690,4412
5183,4413
5133,4414
1974,4415
5848,4416
1445,4417
6186,4418
4254,4419
6850,4420
8308,4421
8961,4422
4257,4423
1632,4424
5186,4425
6048,4426
1131,4427
2164,4428
4051,4429
3555,4430
2721,4431
3217,4432
2247,4433
7536,4434
7746,4435
8113,4436
8450,4437
8032,4438
3148,4439
661,4440
830,4441
8493,4442
7338,4443
8883,4444
7379,4445
1047,4446
3428,4447
97,4448
2583,4449
5749,4450
3116,4451
4339,4452
6604,4453
6987,4454
5982,4455
3548,4456
6808,4457
7151,4458
3364,4459
732,4460
6118,4461
532,4462
2800,4463
3142,4464
8390,4465
1422,4466
5773,4467
8571,4468
7034,4469
1682,4470
2502,4471
7518,4472
4222,4473
3261,4474
2873,4475
6336,4476
2899,4477
5240,4478
1210,4479
2768,4480
4126,4481
3578,4482
6682,4483
8795,4484
6854,4485
119,4486
1148,4487
2051,4488
650,4489
3305,4490
4715,4491
2311,4492
5106,4493
2451,4494
3988,4495
4166,4496
3679,4497
8185,4498
1691,4499
6978,4500
5638,4501
1329,4502
6552,4503
593,4504
6043,4505
8076,4506
6012,4507
8837,4508
2357,4509
2742,4510
1297,4511
3079,4512
4960,4513
3455,4514
8043,4515
656,4516
8620,4517
5315,4518
6022,4519
6616,4520
1399,4521
2906,4522
853,4523
7356,4524
1415,4525
5494,4526
4512,4527
5993,4528
386,4529
2382,4530
6819,4531
6631,4532
8440,4533
5412,4534
6468,4535
2295,4536
2369,4537
915,4538
187,4539
776,4540
1426,4541
3227,4542
8652,4543
142,4544
290,4545
4956,4546
4907,4547
3727,4548
2064,4549
5383,4550
1660,4551
4676,4552
2241,4553
168,4554
3006,4555
6902,4556
3011,4557
4298,4558
8325,4559
7173,4560
5495,4561
4167,4562
2318,4563
4613,4564
3676,4565
4346,4566
3635,4567
4607,4568
8004,4569
2829,4570
824,4571
4423,4572
3754,4573
5504,4574
4015,4575
4088,4576
161,4577
2884,4578
6835,4579
8841,4580
4680,4581
3960,4582
8597,4583
3719,4584
3982,4585
3871,4586
5369,4587
2026,4588
3524,4589
2397,4590
3894,4591
4905,4592
4082,4593
3856,4594
5491,4595
6097,4596
2259,4597
2565,4598
6594,4599
7577,4600
3426,4601
2664,4602
6598,4603
580,4604
4763,4605
2509,4606
5525,4607
2691,4608
1536,4609
5258,4610
3937,4611
7337,4612
6919,4613
8963,4614
4808,4615
7234,4616
5983,4617
5473,4618
3994,4619
4889,4620
4595,4621
6247,4622
8128,4623
4080,4624
293,4625
8474,4626
7835,4627
7202,4628
859,4629
4542,4630
84,4631
846,4632
8733,4633
5427,4634
2107,4635
3997,4636
2463,4637
4814,4638
42,4639
4195,4640
2503,4641
6293,4642
4212,4643
4975,4644
4277,4645
2472,4646
2775,4647
555,4648
3509,4649
4561,4650
2129,4651
5306,4652
1253,4653
216,4654
705,4655
8438,4656
1508,4657
2984,4658
3530,4659
6103,4660
3888,4661
6420,4662
203,4663
6694,4664
7375,4665
179,4666
1388,4667
8610,4668
4820,4669
5291,4670
1428,4671
2635,4672
7429,4673
826,4674
3532,4675
3843,4676
7672,4677
8805,4678
3854,4679
5604,4680
1295,4681
8235,4682
2597,4683
5910,4684
2932,4685
2367,4686
6364,4687
5591,4688
7967,4689
2591,4690
1154,4691
5166,4692
6230,4693
4430,4694
2649,4695
2909,4696
2516,4697
4661,4698
8392,4699
8459,4700
1971,4701
5514,4702
1507,4703
8384,4704
7221,4705
431,4706
5031,4707
919,4708
5492,4709
5640,4710
5338,4711
8063,4712
4227,4713
376,4714
7385,4715
89,4716
6772,4717
1396,4718
6342,4719
3900,4720
4748,4721
8206,4722
1936,4723
7224,4724
7928,4725
744,4726
2474,4727
2350,4728
7667,4729
2198,4730
2252,4731
7169,4732
5879,4733
6429,4734
5280,4735
3218,4736
1593,4737
3842,4738
2881,4739
2506,4740
2982,4741
6802,4742
8178,4743
8453,4744
3712,4745
5583,4746
6077,4747
3132,4748
7876,4749
3779,4750
1371,4751
6167,4752
4461,4753
4551,4754
7730,4755
8692,4756
2766,4757
845,4758
6851,4759
1524,4760
2598,4761
8382,4762
2725,4763
4136,4764
1895,4765
2933,4766
1239,4767
2764,4768
2758,4769
6558,4770
2772,4771
7386,4772
3325,4773
61,4774
6653,4775
5641,4776
2182,4777
4933,4778
6652,4779
640,4780
6207,4781
1758,4782
413,4783
8104,4784
3291,4785
2916,4786
8114,4787
8435,4788
8198,4789
4724,4790
8133,4791
7266,4792
276,4793
4770,4794
6509,4795
4554,4796
4996,4797
547,4798
4935,4799
7364,4800
2566,4801
4186,4802
4491,4803
1671,4804
8008,4805
3332,4806
6417,4807
7303,4808
4013,4809
5889,4810
1707,4811
2986,4812
8550,4813
2482,4814
5207,4815
1513,4816
4432,4817
6865,4818
7652,4819
1828,4820
74,4821
8560,4822
7390,4823
1122,4824
73,4825
7422,4826
4734,4827
4238,4828
7063,4829
4350,4830
4509,4831
4652,4832
7909,4833
5401,4834
1237,4835
8863,4836
8622,4837
2464,4838
6388,4839
1721,4840
3194,4841
7294,4842
8250,4843
6857,4844
8959,4845
5266,4846
8535,4847
8415,4848
2838,4849
3952,4850
5932,4851
455,4852
5578,4853
2857,4854
6298,4855
8972,4856
812,4857
4324,4858
7035,4859
2067,4860
4560,4861
1802,4862
5446,4863
8880,4864
2454,4865
4333,4866
5861,4867
7480,4868
2378,4869
7242,4870
3641,4871
8730,4872
1447,4873
7188,4874
983,4875
5335,4876
426,4877
501,4878
4603,4879
7296,4880
1215,4881
868,4882
2257,4883
8908,4884
2078,4885
1116,4886
2324,4887
2203,4888
6475,4889
1068,4890
7378,4891
6188,4892
1486,4893
6536,4894
6897,4895
2406,4896
198,4897
7003,4898
8500,4899
6667,4900
903,4901
1305,4902
3734,4903
4701,4904
2521,4905
3139,4906
5162,4907
1877,4908
1241,4909
8840,4910
333,4911
8179,4912
1368,4913
8704,4914
236,4915
7408,4916
8211,4917
5459,4918
8518,4919
3999,4920
4819,4921
6011,4922
5596,4923
188,4924
7046,4925
4727,4926
3004,4927
1096,4928
4122,4929
8432,4930
7855,4931
3186,4932
8444,4933
6776,4934
3320,4935
6227,4936
5532,4937
8508,4938
7852,4939
4389,4940
4284,4941
2563,4942
7220,4943
8059,4944
7867,4945
6769,4946
6506,4947
1270,4948
3916,4949
8617,4950
5288,4951
1064,4952
5589,4953
171,4954
5694,4955
2759,4956
7128,4957
4181,4958
4674,4959
1112,4960
5637,4961
8694,4962
6047,4963
6686,4964
3564,4965
4269,4966
3801,4967
5965,4968
8395,4969
5261,4970
8375,4971
2186,4972
6480,4973
317,4974
810,4975
4418,4976
850,4977
7260,4978
7706,4979
4095,4980
1052,4981
5627,4982
1482,4983
3598,4984
4362,4985
6885,4986
5232,4987
4348,4988
2253,4989
4281,4990
3021,4991
3605,4992
4109,4993
7767,4994
34,4995
2351,4996
5080,4997
7269,4998
8071,4999
8689,5000
6413,5001
1959,5002
5380,5003
8921,5004
8132,5005
102,5006
8582,5007
4493,5008
4585,5009
2300,5010
439,5011
6040,5012
8852,5013
5840,5014
8956,5015
5651,5016
6937,5017
719,5018
5115,5019
458,5020
702,5021
6402,5022
4067,5023
8,5024
3088,5025
5634,5026
7431,5027
2403,5028
8521,5029
1147,5030
2328,5031
8542,5032
7045,5033
6569,5034
3560,5035
7449,5036
2032,5037
4248,5038
3637,5039
6107,5040
502,5041
7857,5042
8024,5043
6524,5044
742,5045
6264,5046
8867,5047
4923,5048
4969,5049
4738,5050
3690,5051
5197,5052
8038,5053
157,5054
4361,5055
4755,5056
5463,5057
3458,5058
519,5059
1715,5060
7795,5061
3943,5062
1086,5063
1998,5064
4627,5065
4347,5066
8044,5067
7509,5068
1463,5069
4499,5070
2575,5071
6220,5072
8161,5073
273,5074
2760,5075
3121,5076
6548,5077
6038,5078
770,5079
7981,5080
8330,5081
7007,5082
5005,5083
196,5084
7659,5085
5245,5086
2497,5087
3266,5088
3580,5089
5745,5090
6504,5091
1333,5092
1053,5093
4521,5094
7882,5095
5340,5096
883,5097
4733,5098
7781,5099
6881,5100
7863,5101
6984,5102
4739,5103
6271,5104
5826,5105
6385,5106
2281,5107
3286,5108
8671,5109
5601,5110
6159,5111
1132,5112
6954,5113
3010,5114
435,5115
7758,5116
8613,5117
8850,5118
3369,5119
7244,5120
7599,5121
7879,5122
2809,5123
7940,5124
6306,5125
3041,5126
1432,5127
6913,5128
340,5129
8598,5130
3471,5131
1698,5132
7433,5133
2420,5134
7492,5135
6530,5136
7152,5137
1961,5138
6547,5139
8393,5140
889,5141
1165,5142
3619,5143
7642,5144
3967,5145
7430,5146
6800,5147
7505,5148
5647,5149
2517,5150
40,5151
1485,5152
1205,5153
7557,5154
5785,5155
5407,5156
1871,5157
7785,5158
2659,5159
4985,5160
5890,5161
921,5162
1750,5163
2432,5164
2871,5165
1864,5166
7569,5167
946,5168
6661,5169
6515,5170
8742,5171
6403,5172
2600,5173
1909,5174
7051,5175
5397,5176
4156,5177
8699,5178
5358,5179
5815,5180
4998,5181
4450,5182
2854,5183
5526,5184
7678,5185
5350,5186
1298,5187
7401,5188
3841,5189
6036,5190
7526,5191
6948,5192
4737,5193
7547,5194
6045,5195
1807,5196
7026,5197
5071,5198
5592,5199
7012,5200
8993,5201
5339,5202
5765,5203
4805,5204
6343,5205
1176,5206
4467,5207
858,5208
3898,5209
3642,5210
627,5211
115,5212
6272,5213
8324,5214
2952,5215
100,5216
8083,5217
2296,5218
6430,5219
3759,5220
7749,5221
5248,5222
6458,5223
4395,5224
6934,5225
7842,5226
1365,5227
3235,5228
6958,5229
1829,5230
1652,5231
602,5232
2385,5233
8045,5234
5933,5235
6896,5236
4611,5237
3522,5238
813,5239
4504,5240
8499,5241
3390,5242
3791,5243
5021,5244
3951,5245
5128,5246
5376,5247
7883,5248
3570,5249
5195,5250
2390,5251
1841,5252
5408,5253
8452,5254
245,5255
731,5256
2527,5257
5660,5258
739,5259
1572,5260
3375,5261
6173,5262
5419,5263
1308,5264
1272,5265
6531,5266
4672,5267
3891,5268
4022,5269
8200,5270
638,5271
7103,5272
2905,5273
7239,5274
8443,5275
3581,5276
1275,5277
8770,5278
1657,5279
6689,5280
55,5281
4912,5282
7932,5283
1438,5284
4865,5285
7771,5286
6075,5287
8762,5288
5455,5289
8239,5290
563,5291
2071,5292
66,5293
5002,5294
2452,5295
2335,5296
7974,5297
6839,5298
3496,5299
8418,5300
4328,5301
2927,5302
3934,5303
7571,5304
852,5305
27,5306
3521,5307
8323,5308
6823,5309
4457,5310
4639,5311
6638,5312
8315,5313
5159,5314
6599,5315
2244,5316
3777,5317
3284,5318
1554,5319
5590,5320
3044,5321
2567,5322
4318,5323
2720,5324
6127,5325
761,5326
7307,5327
5470,5328
7544,5329
8888,5330
6658,5331
3631,5332
807,5333
1975,5334
7155,5335
8078,5336
1945,5337
6535,5338
5076,5339
4663,5340
3434,5341
4754,5342
4760,5343
5135,5344
1930,5345
2141,5346
3493,5347
7268,5348
5378,5349
3438,5350
1577,5351
8659,5352
1550,5353
7096,5354
7941,5355
1870,5356
7751,5357
385,5358
1766,5359
2325,5360
5593,5361
6057,5362
7135,5363
7118,5364
7398,5365
3095,5366
7824,5367
7825,5368
478,5369
7102,5370
5906,5371
1522,5372
7528,5373
5783,5374
1475,5375
5544,5376
498,5377
1150,5378
2428,5379
5278,5380
2628,5381
1353,5382
6976,5383
4375,5384
4646,5385
6445,5386
4428,5387
3138,5388
3646,5389
2238,5390
2355,5391
2709,5392
8365,5393
3109,5394
2796,5395
1163,5396
85,5397
4572,5398
5740,5399
3979,5400
8998,5401
6875,5402
4399,5403
4035,5404
4795,5405
5209,5406
1289,5407
5975,5408
8777,5409
6786,5410
5557,5411
5326,5412
626,5413
126,5414
2740,5415
2344,5416
1326,5417
6450,5418
5349,5419
4207,5420
6751,5421
7204,5422
3732,5423
902,5424
2870,5425
3238,5426
8464,5427
7811,5428
3000,5429
1897,5430
4650,5431
5599,5432
2437,5433
5225,5434
6647,5435
6568,5436
6050,5437
782,5438
8446,5439
2876,5440
4718,5441
8022,5442
3685,5443
2305,5444
4414,5445
8758,5446
2549,5447
7998,5448
101,5449
7106,5450
5806,5451
917,5452
8785,5453
65,5454
5046,5455
7849,5456
3922,5457
5550,5458
6980,5459
5,5460
690,5461
6550,5462
8005,5463
5213,5464
4993,5465
3909,5466
1063,5467
424,5468
6933,5469
6738,5470
8510,5471
4341,5472
4079,5473
2063,5474
6822,5475
6579,5476
2014,5477
2738,5478
2008,5479
4963,5480
3741,5481
5486,5482
7650,5483
8861,5484
3120,5485
1844,5486
4301,5487
2239,5488
621,5489
7186,5490
634,5491
4459,5492
6283,5493
653,5494
1028,5495
6232,5496
7218,5497
8681,5498
4702,5499
7444,5500
2049,5501
6088,5502
5677,5503
4221,5504
6408,5505
5130,5506
2965,5507
7670,5508
3169,5509
4642,5510
335,5511
8265,5512
7915,5513
3141,5514
6225,5515
4246,5516
3867,5517
5139,5518
5188,5519
4875,5520
5655,5521
5483,5522
8419,5523
5561,5524
8075,5525
5754,5526
7698,5527
2885,5528
3833,5529
48,5530
5713,5531
7284,5532
518,5533
6236,5534
5937,5535
5296,5536
2143,5537
5489,5538
5951,5539
8899,5540
1389,5541
2674,5542
2534,5543
973,5544
6099,5545
2275,5546
1266,5547
7410,5548
2376,5549
5096,5550
8035,5551
7215,5552
857,5553
1347,5554
3487,5555
6812,5556
6521,5557
5375,5558
507,5559
378,5560
8763,5561
365,5562
1736,5563
6198,5564
1455,5565
2392,5566
1767,5567
3505,5568
1153,5569
8585,5570
6687,5571
5260,5572
3451,5573
1200,5574
4625,5575
8869,5576
7352,5577
8376,5578
3395,5579
8000,5580
2069,5581
4783,5582
6878,5583
5047,5584
5570,5585
7692,5586
5220,5587
380,5588
2557,5589
796,5590
4860,5591
753,5592
7891,5593
1887,5594
926,5595
8628,5596
2962,5597
4352,5598
5928,5599
6292,5600
572,5601
6583,5602
4987,5603
7340,5604
7690,5605
573,5606
38,5607
1017,5608
8695,5609
6601,5610
4465,5611
746,5612
5747,5613
2948,5614
8971,5615
8666,5616
2213,5617
1039,5618
6054,5619
3173,5620
5940,5621
7900,5622
4107,5623
605,5624
47,5625
4139,5626
4840,5627
7631,5628
5716,5629
681,5630
1259,5631
2653,5632
5364,5633
1456,5634
8864,5635
8281,5636
6016,5637
3553,5638
3274,5639
7818,5640
7150,5641
8966,5642
7820,5643
2663,5644
1268,5645
445,5646
1363,5647
1377,5648
1340,5649
4704,5650
8502,5651
8902,5652
2179,5653
51,5654
5844,5655
1330,5656
8349,5657
6995,5658
1199,5659
7458,5660
8919,5661
8041,5662
5151,5663
6214,5664
5083,5665
176,5666
3683,5667
3231,5668
2779,5669
2212,5670
3969,5671
659,5672
1738,5673
4758,5674
4832,5675
1699,5676
1453,5677
197,5678
8111,5679
4660,5680
5114,5681
6858,5682
8378,5683
7436,5684
961,5685
7618,5686
7073,5687
5144,5688
6303,5689
8580,5690
5912,5691
7384,5692
3330,5693
6163,5694
4256,5695
3475,5696
6002,5697
6418,5698
8117,5699
1436,5700
1953,5701
2670,5702
2342,5703
67,5704
5094,5705
7361,5706
6372,5707
5438,5708
4947,5709
220,5710
7641,5711
1494,5712
7093,5713
7632,5714
4539,5715
3190,5716
3968,5717
4953,5718
3259,5719
5301,5720
8264,5721
75,5722
5440,5723
4721,5724
8933,5725
145,5726
2642,5727
3893,5728
7575,5729
2431,5730
5022,5731
6279,5732
5456,5733
2990,5734
762,5735
7931,5736
6153,5737
6961,5738
4768,5739
809,5740
3473,5741
856,5742
8662,5743
1332,5744
3513,5745
2151,5746
5600,5747
6914,5748
7548,5749
6257,5750
1863,5751
8473,5752
3701,5753
2702,5754
7019,5755
4624,5756
5418,5757
8538,5758
6815,5759
156,5760
6204,5761
5697,5762
140,5763
6837,5764
2727,5765
6664,5766
6457,5767
2586,5768
3336,5769
8173,5770
3984,5771
575,5772
2917,5773
8137,5774
472,5775
3528,5776
4145,5777
7092,5778
4590,5779
2009,5780
3786,5781
7176,5782
6589,5783
5117,5784
6151,5785
5664,5786
4866,5787
1775,5788
4640,5789
1033,5790
2363,5791
3827,5792
2417,5793
1997,5794
4300,5795
5475,5796
6226,5797
5689,5798
2613,5799
265,5800
4178,5801
5750,5802
3118,5803
6479,5804
5576,5805
8748,5806
3246,5807
1173,5808
6703,5809
6349,5810
6593,5811
3289,5812
6255,5813
5762,5814
962,5815
3740,5816
2693,5817
6184,5818
8303,5819
8940,5820
1565,5821
617,5822
4231,5823
7002,5824
3303,5825
5666,5826
1201,5827
5034,5828
4385,5829
5559,5830
199,5831
1722,5832
5573,5833
6179,5834
7776,5835
8240,5836
6666,5837
5970,5838
321,5839
2576,5840
5173,5841
7607,5842
4637,5843
5190,5844
6382,5845
1543,5846
7803,5847
2578,5848
8858,5849
1633,5850
2839,5851
3573,5852
7274,5853
7834,5854
1411,5855
1092,5856
6322,5857
5802,5858
6813,5859
2258,5860
3498,5861
1252,5862
5541,5863
6355,5864
291,5865
5681,5866
893,5867
4714,5868
8910,5869
63,5870
486,5871
5277,5872
4863,5873
1711,5874
7899,5875
6327,5876
8401,5877
1031,5878
2006,5879
6708,5880
5045,5881
5255,5882
3544,5883
7247,5884
3612,5885
3363,5886
2291,5887
4989,5888
7770,5889
6692,5890
6296,5891
5775,5892
1746,5893
7322,5894
5645,5895
2805,5896
8947,5897
4204,5898
5898,5899
5834,5900
4495,5901
3017,5902
1679,5903
4678,5904
1636,5905
2152,5906
7104,5907
1088,5908
3587,5909
2442,5910
7483,5911
2030,5912
6446,5913
6212,5914
2539,5915
4857,5916
6025,5917
934,5918
7944,5919
4668,5920
2522,5921
974,5922
5935,5923
8878,5924
4592,5925
3026,5926
4235,5927
874,5928
2859,5929
2123,5930
8181,5931
3409,5932
3588,5933
6587,5934
5103,5935
6006,5936
8639,5937
2662,5938
611,5939
6150,5940
2379,5941
2038,5942
7349,5943
2788,5944
359,5945
425,5946
2923,5947
3188,5948
6063,5949
4233,5950
3371,5951
864,5952
5930,5953
4526,5954
194,5955
7802,5956
2061,5957
3746,5958
3216,5959
5515,5960
2928,5961
8876,5962
7582,5963
4037,5964
6607,5965
2579,5966
5152,5967
1610,5968
3591,5969
1374,5970
3702,5971
7418,5972
8253,5973
8130,5974
595,5975
7553,5976
6546,5977
1133,5978
958,5979
2588,5980
8645,5981
4584,5982
3812,5983
2819,5984
5254,5985
6134,5986
5712,5987
7391,5988
1649,5989
329,5990
4492,5991
2460,5992
8203,5993
6711,5994
5077,5995
6415,5996
3575,5997
5830,5998
6013,5999
6614,6000
7090,6001
398,6002
1876,6003
6998,6004
1576,6005
7968,6006
1410,6007
2661,6008
3196,6009
1245,6010
8708,6011
6611,6012
6533,6013
3099,6014
4599,6015
4400,6016
1222,6017
4577,6018
8150,6019
6105,6020
7833,6021
8936,6022
6859,6023
5428,6024
3453,6025
1950,6026
349,6027
1425,6028
8741,6029
1635,6030
7031,6031
1954,6032
7423,6033
4651,6034
1665,6035
8916,6036
5345,6037
4669,6038
7438,6039
2580,6040
6975,6041
3047,6042
5612,6043
4511,6044
3675,6045
7897,6046
3601,6047
7389,6048
5437,6049
591,6050
4337,6051
124,6052
7273,6053
892,6054
648,6055
2523,6056
3890,6057
222,6058
5088,6059
6544,6060
3082,6061
7887,6062
1548,6063
7774,6064
1931,6065
3826,6066
6636,6067
5269,6068
358,6069
1074,6070
2595,6071
1544,6072
567,6073
8743,6074
7938,6075
3454,6076
7501,6077
6100,6078
5739,6079
7710,6080
8151,6081
5744,6082
8868,6083
2993,6084
913,6085
7715,6086
5676,6087
5462,6088
5038,6089
3224,6090
2091,6091
6031,6092
5218,6093
1140,6094
7421,6095
5741,6096
1280,6097
6407,6098
1592,6099
4155,6100
7055,6101
4435,6102
941,6103
3708,6104
5325,6105
3285,6106
2046,6107
7017,6108
6745,6109
3964,6110
7345,6111
7354,6112
4390,6113
5087,6114
3126,6115
1759,6116
69,6117
3585,6118
5719,6119
3638,6120
533,6121
5243,6122
7734,6123
2749,6124
7765,6125
3640,6126
4612,6127
4970,6128
5560,6129
130,6130
2430,6131
4534,6132
8586,6133
2900,6134
766,6135
1335,6136
987,6137
980,6138
2895,6139
7977,6140
3762,6141
5996,6142
4764,6143
7768,6144
1386,6145
6743,6146
7229,6147
4111,6148
8339,6149
5668,6150
4527,6151
8256,6152
4307,6153
5043,6154
5529,6155
5904,6156
4620,6157
86,6158
2086,6159
1531,6160
3052,6161
1768,6162
4939,6163
3402,6164
8944,6165
7989,6166
8359,6167
1375,6168
4398,6169
8129,6170
1334,6171
2864,6172
1900,6173
6157,6174
1496,6175
6695,6176
2475,6177
5263,6178
7713,6179
7583,6180
6947,6181
3518,6182
3100,6183
5915,6184
7088,6185
2537,6186
570,6187
5856,6188
1172,6189
280,6190
4262,6191
1322,6192
4031,6193
4563,6194
6,6195
3110,6196
1637,6197
254,6198
8068,6199
3654,6200
7728,6201
4247,6202
2936,6203
8466,6204
7936,6205
3338,6206
324,6207
2025,6208
3815,6209
6193,6210
7885,6211
7081,6212
821,6213
3653,6214
8054,6215
7533,6216
8562,6217
979,6218
3885,6219
2444,6220
6482,6221
2167,6222
2410,6223
337,6224
3714,6225
6698,6226
5797,6227
2992,6228
1927,6229
3745,6230
928,6231
4439,6232
2088,6233
1219,6234
2330,6235
7903,6236
6983,6237
238,6238
70,6239
2370,6240
2286,6241
5402,6242
2858,6243
6147,6244
8865,6245
8307,6246
7089,6247
1573,6248
5875,6249
6632,6250
4373,6251
7658,6252
4455,6253
7687,6254
4930,6255
1309,6256
1527,6257
128,6258
4644,6259
5108,6260
7498,6261
5927,6262
3499,6263
3007,6264
25,6265
7091,6266
1048,6267
7231,6268
1677,6269
4934,6270
7233,6271
8534,6272
1776,6273
735,6274
6478,6275
462,6276
7262,6277
5988,6278
4004,6279
7951,6280
3961,6281
937,6282
6846,6283
1984,6284
334,6285
5363,6286
7309,6287
7741,6288
8559,6289
6597,6290
8227,6291
6218,6292
8053,6293
1421,6294
5464,6295
6219,6296
7568,6297
2596,6298
4171,6299
8456,6300
1190,6301
8467,6302
6166,6303
4106,6304
7489,6305
1344,6306
2153,6307
221,6308
3907,6309
8773,6310
5467,6311
6866,6312
6887,6313
4057,6314
7094,6315
8127,6316
1555,6317
2246,6318
3593,6319
5429,6320
7468,6321
5540,6322
6098,6323
1626,6324
5551,6325
4799,6326
2988,6327
7355,6328
1786,6329
5049,6330
1921,6331
2757,6332
7172,6333
7622,6334
4653,6335
1398,6336
6627,6337
189,6338
7840,6339
2996,6340
584,6341
6066,6342
7578,6343
3071,6344
8892,6345
5085,6346
2692,6347
8932,6348
8337,6349
269,6350
3535,6351
4133,6352
5482,6353
2183,6354
8871,6355
6352,6356
5789,6357
1987,6358
488,6359
7178,6360
2584,6361
429,6362
1097,6363
4619,6364
2187,6365
1748,6366
5082,6367
7115,6368
2248,6369
2814,6370
2223,6371
1884,6372
52,6373
3323,6374
3663,6375
7342,6376
7316,6377
773,6378
8592,6379
8922,6380
6935,6381
2479,6382
1067,6383
4411,6384
7100,6385
788,6386
6026,6387
2345,6388
4055,6389
1744,6390
2667,6391
3604,6392
6265,6393
4483,6394
5344,6395
1198,6396
7486,6397
1814,6398
3386,6399
7645,6400
1839,6401
8679,6402
4003,6403
6537,6404
7888,6405
8431,6406
6735,6407
1466,6408
8425,6409
1603,6410
4273,6411
2762,6412
2750,6413
1126,6414
3627,6415
2017,6416
1560,6417
800,6418
4209,6419
8218,6420
5784,6421
5564,6422
6243,6423
4388,6424
818,6425
8052,6426
6194,6427
7543,6428
5607,6429
4401,6430
2568,6431
4775,6432
5142,6433
3710,6434
4340,6435
6782,6436
6724,6437
1407,6438
7778,6439
8525,6440
2028,6441
2868,6442
2005,6443
3606,6444
1960,6445
4478,6446
4441,6447
409,6448
1798,6449
3913,6450
8728,6451
323,6452
5030,6453
4564,6454
7702,6455
465,6456
4303,6457
5430,6458
8572,6459
828,6460
1170,6461
7276,6462
4500,6463
5865,6464
5710,6465
6565,6466
2387,6467
8591,6468
8241,6469
7503,6470
4250,6471
2262,6472
2313,6473
8463,6474
2856,6475
1246,6476
2505,6477
677,6478
4817,6479
5098,6480
2767,6481
6096,6482
5074,6483
6691,6484
3618,6485
4162,6486
7816,6487
6946,6488
4525,6489
4367,6490
4041,6491
5054,6492
80,6493
2791,6494
4149,6495
4305,6496
3751,6497
3503,6498
2260,6499
407,6500
6091,6501
1843,6502
3534,6503
7654,6504
1188,6505
526,6506
7425,6507
5373,6508
1719,6509
1465,6510
3511,6511
8766,6512
6644,6513
8354,6514
4771,6515
2220,6516
6921,6517
3069,6518
4063,6519
6863,6520
3644,6521
8607,6522
1509,6523
5832,6524
7826,6525
1191,6526
1917,6527
2190,6528
2057,6529
3796,6530
6138,6531
7846,6532
5318,6533
7664,6534
1564,6535
4731,6536
3248,6537
3067,6538
1061,6539
1979,6540
3145,6541
991,6542
2507,6543
6473,6544
4810,6545
3091,6546
2846,6547
3810,6548
6581,6549
2327,6550
6543,6551
669,6552
6741,6553
4202,6554
2150,6555
4530,6556
5268,6557
4665,6558
7853,6559
754,6560
3897,6561
6104,6562
6052,6563
8587,6564
8105,6565
7695,6566
195,6567
556,6568
7960,6569
3195,6570
5818,6571
1915,6572
336,6573
1018,6574
6511,6575
2074,6576
289,6577
713,6578
8672,6579
5276,6580
3147,6581
6766,6582
2124,6583
554,6584
3876,6585
2486,6586
2498,6587
4381,6588
6660,6589
5367,6590
2833,6591
1810,6592
7901,6593
7500,6594
7789,6595
7487,6596
3730,6597
6140,6598
8496,6599
520,6600
7947,6601
7764,6602
4487,6603
6557,6604
1874,6605
7021,6606
5233,6607
2707,6608
1321,6609
5204,6610
8981,6611
3711,6612
6067,6613
630,6614
8636,6615
5044,6616
8828,6617
3706,6618
8389,6619
3728,6620
5791,6621
1448,6622
7248,6623
4634,6624
7451,6625
7637,6626
5672,6627
925,6628
8090,6629
416,6630
207,6631
418,6632
8202,6633
4265,6634
1729,6635
3903,6636
6449,6637
5134,6638
4571,6639
7351,6640
4751,6641
7913,6642
8815,6643
2053,6644
3549,6645
8243,6646
7344,6647
4010,6648
6474,6649
1811,6650
4306,6651
3752,6652
8764,6653
7663,6654
748,6655
7168,6656
3207,6657
7254,6658
16,6659
566,6660
4513,6661
4288,6662
5234,6663
5536,6664
7875,6665
4974,6666
4836,6667
3119,6668
7105,6669
7142,6670
6941,6671
7973,6672
2283,6673
2168,6674
3290,6675
7621,6676
4351,6677
4453,6678
6662,6679
3394,6680
8569,6681
5533,6682
4990,6683
1991,6684
7437,6685
1011,6686
7210,6687
6211,6688
7893,6689
5903,6690
6834,6691
6912,6692
482,6693
2340,6694
6263,6695
6705,6696
6704,6697
8825,6698
7197,6699
3656,6700
5776,6701
6707,6702
6136,6703
3780,6704
8713,6705
529,6706
2953,6707
2391,6708
2730,6709
5635,6710
5247,6711
1457,6712
6893,6713
8594,6714
6213,6715
2850,6716
5361,6717
2765,6718
1041,6719
5575,6720
5711,6721
1376,6722
2298,6723
1117,6724
1993,6725
6487,6726
7594,6727
1611,6728
1214,6729
246,6730
7914,6731
6069,6732
146,6733
4602,6734
4258,6735
5141,6736
2060,6737
2734,6738
6623,6739
5476,6740
4154,6741
5588,6742
6974,6743
7615,6744
2195,6745
1069,6746
1250,6747
8985,6748
4071,6749
5652,6750
8381,6751
5617,6752
1002,6753
4675,6754
8969,6755
7193,6756
6722,6757
2532,6758
3490,6759
1747,6760
308,6761
3074,6762
7469,6763
832,6764
1937,6765
2972,6766
7162,6767
170,6768
6254,6769
8656,6770
8273,6771
6890,6772
8787,6773
1417,6774
6922,6775
3337,6776
3621,6777
1381,6778
7072,6779
4766,6780
2233,6781
6862,6782
1378,6783
8685,6784
6982,6785
3716,6786
3704,6787
5524,6788
7387,6789
7563,6790
3339,6791
2696,6792
6082,6793
8055,6794
8224,6795
6580,6796
2249,6797
2095,6798
6059,6799
4272,6800
4964,6801
1869,6802
1712,6803
6137,6804
1783,6805
3315,6806
5759,6807
95,6808
1580,6809
7784,6810
211,6811
3895,6812
1879,6813
2118,6814
4271,6815
7426,6816
480,6817
8251,6818
1249,6819
3422,6820
7435,6821
1203,6822
1875,6823
5621,6824
2137,6825
446,6826
6451,6827
1855,6828
4000,6829
5270,6830
571,6831
7896,6832
7029,6833
3045,6834
122,6835
7416,6836
4304,6837
2465,6838
1862,6839
3031,6840
2024,6841
3651,6842
8729,6843
7325,6844
2304,6845
8796,6846
3855,6847
3650,6848
6172,6849
1880,6850
7241,6851
2540,6852
1723,6853
3223,6854
186,6855
1327,6856
4131,6857
4052,6858
8755,6859
5567,6860
5781,6861
3212,6862
3819,6863
8048,6864
4986,6865
6389,6866
881,6867
2852,6868
15,6869
1071,6870
2922,6871
3348,6872
1489,6873
5287,6874
7476,6875
4118,6876
3154,6877
5669,6878
8290,6879
3341,6880
7392,6881
460,6882
6630,6883
4793,6884
3912,6885
5572,6886
966,6887
7760,6888
3128,6889
4692,6890
8023,6891
2421,6892
219,6893
5680,6894
1628,6895
2020,6896
1349,6897
4290,6898
5829,6899
143,6900
2569,6901
6884,6902
7258,6903
718,6904
5015,6905
8414,6906
1459,6907
3023,6908
4152,6909
4684,6910
8953,6911
5934,6912
6426,6913
7413,6914
91,6915
1752,6916
3450,6917
682,6918
6654,6919
7004,6920
400,6921
4110,6922
2228,6923
2297,6924
2792,6925
1789,6926
2473,6927
1996,6928
4025,6929
750,6930
4565,6931
1197,6932
7788,6933
4559,6934
7466,6935
3767,6936
5728,6937
4667,6938
164,6939
2485,6940
2861,6941
1328,6942
1588,6943
6841,6944
5399,6945
7949,6946
990,6947
1105,6948
3824,6949
3634,6950
1208,6951
949,6952
3805,6953
2073,6954
5119,6955
6710,6956
3670,6957
8329,6958
5693,6959
8223,6960
5400,6961
7907,6962
6378,6963
5441,6964
4252,6965
5169,6966
3689,6967
6963,6968
900,6969
3863,6970
8356,6971
784,6972
1631,6973
183,6974
4241,6975
3177,6976
4141,6977
4028,6978
1473,6979
1755,6980
2163,6981
6957,6982
1511,6983
729,6984
3970,6985
8653,6986
1805,6987
5860,6988
4224,6989
3911,6990
6216,6991
8210,6992
5488,6993
241,6994
7640,6995
7952,6996
3583,6997
2842,6998
7674,6999
6985,7000
4921,7001
4283,7002
8476,7003
922,7004
1929,7005
4683,7006
8701,7007
4723,7008
3055,7009
775,7010
1780,7011
3678,7012
1599,7013
2690,7014
5796,7015
622,7016
57,7017
7328,7018
964,7019
3948,7020
7881,7021
6734,7022
3659,7023
6238,7024
4425,7025
5804,7026
8731,7027
3388,7028
8234,7029
834,7030
1040,7031
8847,7032
1910,7033
2987,7034
3772,7035
5945,7036
8434,7037
5643,7038
4507,7039
8168,7040
7298,7041
3686,7042
4596,7043
674,7044
3927,7045
1630,7046
7099,7047
3022,7048
362,7049
7704,7050
6723,7051
4773,7052
2700,7053
2232,7054
6037,7055
7158,7056
8811,7057
5863,7058
975,7059
404,7060
4569,7061
3649,7062
3698,7063
6981,7064
4097,7065
8074,7066
615,7067
4391,7068
1822,7069
6574,7070
5198,7071
7465,7072
1813,7073
2192,7074
7272,7075
8988,7076
3924,7077
311,7078
1608,7079
4911,7080
7763,7081
6949,7082
6626,7083
3159,7084
7661,7085
3492,7086
505,7087
700,7088
1217,7089
6701,7090
8184,7091
4846,7092
3372,7093
6967,7094
8595,7095
7600,7096
5404,7097
1714,7098
7179,7099
3782,7100
8142,7101
4757,7102
8915,7103
7381,7104
6499,7105
7156,7106
1553,7107
8767,7108
2416,7109
7992,7110
3661,7111
8750,7112
1976,7113
8509,7114
8073,7115
4470,7116
7348,7117
169,7118
5479,7119
3225,7120
2609,7121
3541,7122
5799,7123
1488,7124
2224,7125
497,7126
7777,7127
264,7128
5769,7129
6876,7130
890,7131
6224,7132
8706,7133
1629,7134
1763,7135
3437,7136
5931,7137
1383,7138
4402,7139
1277,7140
3350,7141
8123,7142
5800,7143
4407,7144
7630,7145
7957,7146
4517,7147
988,7148
6758,7149
6234,7150
108,7151
4396,7152
8094,7153
6927,7154
1081,7155
1999,7156
3013,7157
8803,7158
3724,7159
1288,7160
7138,7161
6368,7162
8600,7163
6171,7164
5448,7165
1384,7166
325,7167
2974,7168
6304,7169
1115,7170
5310,7171
6780,7172
5289,7173
2666,7174
7313,7175
7167,7176
3057,7177
7174,7178
7275,7179
2056,7180
7727,7181
1471,7182
3725,7183
6775,7184
7988,7185
5542,7186
7250,7187
7927,7188
8782,7189
369,7190
3737,7191
2235,7192
3980,7193
6979,7194
8029,7195
6423,7196
109,7197
5961,7198
20,7199
1293,7200
10,7201
6852,7202
3131,7203
6249,7204
8738,7205
8898,7206
951,7207
4353,7208
2336,7209
2036,7210
4601,7211
3514,7212
6384,7213
1549,7214
6125,7215
1538,7216
7399,7217
4898,7218
2910,7219
1751,7220
1761,7221
8599,7222
649,7223
6971,7224
6477,7225
908,7226
1055,7227
5116,7228
2528,7229
7380,7230
4897,7231
8797,7232
8046,7233
8057,7234
7843,7235
7023,7236
5293,7237
178,7238
7889,7239
7747,7240
4740,7241
7207,7242
2285,7243
7683,7244
5250,7245
297,7246
452,7247
6337,7248
8042,7249
8195,7250
1725,7251
1460,7252
4811,7253
7285,7254
2872,7255
1641,7256
1615,7257
7714,7258
5608,7259
2130,7260
4331,7261
8856,7262
8147,7263
114,7264
6757,7265
3483,7266
5178,7267
6116,7268
147,7269
7033,7270
3150,7271
7036,7272
3382,7273
5390,7274
5379,7275
7001,7276
2863,7277
4949,7278
6113,7279
1435,7280
5092,7281
3550,7282
3838,7283
4308,7284
3209,7285
8576,7286
7166,7287
8219,7288
3844,7289
5678,7290
7477,7291
842,7292
3803,7293
5613,7294
5032,7295
7586,7296
1290,7297
4440,7298
2155,7299
7497,7300
2941,7301
132,7302
7942,7303
1815,7304
7137,7305
7598,7306
2240,7307
7044,7308
5356,7309
7374,7310
2490,7311
35,7312
3243,7313
2329,7314
4647,7315
5723,7316
6456,7317
1359,7318
895,7319
5633,7320
5753,7321
7943,7322
2493,7323
8808,7324
5433,7325
8536,7326
7043,7327
1535,7328
927,7329
8737,7330
8247,7331
8930,7332
6273,7333
5917,7334
2535,7335
141,7336
1639,7337
1808,7338
8648,7339
7827,7340
6936,7341
1102,7342
2210,7343
1141,7344
1479,7345
8176,7346
5535,7347
8316,7348
5381,7349
4772,7350
1263,7351
5688,7352
7475,7353
4421,7354
456,7355
8941,7356
1408,7357
3491,7358
6222,7359
441,7360
7911,7361
4205,7362
2776,7363
1797,7364
1304,7365
3886,7366
5727,7367
4379,7368
578,7369
5611,7370
6261,7371
3792,7372
8911,7373
7905,7374
7301,7375
7592,7376
981,7377
3192,7378
2052,7379
8635,7380
6302,7381
1506,7382
2023,7383
7868,7384
3846,7385
7724,7386
2680,7387
8037,7388
3346,7389
7920,7390
7854,7391
2279,7392
6223,7393
6836,7394
8842,7395
590,7396
6334,7397
8229,7398
989,7399
5354,7400
7132,7401
5598,7402
7040,7403
2631,7404
8172,7405
4199,7406
7249,7407
2786,7408
4854,7409
1650,7410
6646,7411
5622,7412
5055,7413
7886,7414
8949,7415
4006,7416
2808,7417
7293,7418
279,7419
60,7420
8567,7421
4579,7422
3957,7423
3837,7424
2647,7425
4445,7426
1688,7427
3822,7428
4873,7429
2010,7430
7373,7431
8398,7432
6034,7433
1901,7434
240,7435
4828,7436
4849,7437
3368,7438
470,7439
1054,7440
5304,7441
3115,7442
1416,7443
1616,7444
8675,7445
4835,7446
2264,7447
5041,7448
1659,7449
7066,7450
5222,7451
4090,7452
5303,7453
7214,7454
3579,7455
8095,7456
6803,7457
704,7458
5948,7459
7032,7460
1125,7461
4089,7462
8661,7463
8320,7464
1670,7465
6199,7466
6278,7467
1602,7468
4020,7469
7149,7470
3449,7471
3277,7472
664,7473
3279,7474
2612,7475
3765,7476
31,7477
314,7478
1720,7479
2494,7480
2058,7481
4759,7482
7216,7483
8513,7484
8238,7485
8167,7486
4566,7487
7049,7488
8884,7489
1520,7490
5722,7491
2931,7492
1402,7493
5172,7494
7539,7495
2955,7496
5523,7497
1782,7498
6416,7499
5788,7500
6906,7501
6081,7502
5616,7503
5008,7504
8362,7505
5974,7506
4342,7507
5168,7508
76,7509
4161,7510
3931,7511
8642,7512
7253,7513
4176,7514
447,7515
3311,7516
6241,7517
2127,7518
1918,7519
3427,7520
7845,7521
8180,7522
2961,7523
151,7524
4417,7525
200,7526
2673,7527
4531,7528
3955,7529
7752,7530
3050,7531
2111,7532
7488,7533
1023,7534
2603,7535
8201,7536
2665,7537
7836,7538
3269,7539
7511,7540
7538,7541
8460,7542
2671,7543
5786,7544
499,7545
7292,7546
550,7547
3787,7548
6801,7549
6717,7550
3607,7551
6973,7552
1106,7553
3061,7554
7434,7555
2436,7556
5757,7557
7439,7558
1478,7559
3892,7560
8442,7561
6752,7562
4735,7563
1458,7564
2874,7565
1057,7566
29,7567
4193,7568
1135,7569
2694,7570
8612,7571
6608,7572
3551,7573
110,7574
557,7575
5543,7576
3345,7577
3090,7578
7711,7579
3608,7580
8802,7581
8807,7582
811,7583
1710,7584
5216,7585
8283,7586
1703,7587
3420,7588
5368,7589
8197,7590
1708,7591
1429,7592
3463,7593
1704,7594
5780,7595
3113,7596
7712,7597
4655,7598
184,7599
3501,7600
4997,7601
2219,7602
4965,7603
8822,7604
5497,7605
777,7606
8293,7607
1882,7608
7588,7609
4327,7610
247,7611
791,7612
5053,7613
8069,7614
8581,7615
1238,7616
283,7617
4708,7618
6300,7619
4545,7620
6440,7621
8109,7622
3546,7623
351,7624
752,7625
5748,7626
2149,7627
2309,7628
8187,7629
8906,7630
1799,7631
1967,7632
5398,7633
4798,7634
8050,7635
4929,7636
243,7637
5342,7638
8478,7639
1569,7640
3572,7641
6377,7642
6789,7643
3443,7644
2388,7645
6831,7646
4029,7647
7496,7648
1492,7649
299,7650
7053,7651
6567,7652
7745,7653
521,7654
4901,7655
4232,7656
2920,7657
2332,7658
3926,7659
4588,7660
6665,7661
8182,7662
417,7663
1552,7664
5609,7665
6464,7666
7472,7667
2574,7668
4691,7669
5605,7670
4867,7671
5189,7672
8249,7673
2782,7674
6469,7675
2654,7676
3415,7677
4179,7678
28,7679
8018,7680
2524,7681
2564,7682
5709,7683
7829,7684
1898,7685
2918,7686
8136,7687
7647,7688
1713,7689
3918,7690
4410,7691
2156,7692
3093,7693
1234,7694
6015,7695
463,7696
6435,7697
3294,7698
7512,7699
4747,7700
5387,7701
8523,7702
3821,7703
6381,7704
5292,7705
2405,7706
1449,7707
393,7708
355,7709
1584,7710
5283,7711
6164,7712
8682,7713
3632,7714
6228,7715
1207,7716
1423,7717
6659,7718
5674,7719
4532,7720
5963,7721
5471,7722
2048,7723
406,7724
6476,7725
581,7726
7311,7727
5212,7728
8506,7729
342,7730
6882,7731
2639,7732
6165,7733
8366,7734
2087,7735
1674,7736
5458,7737
5897,7738
8475,7739
7965,7740
5901,7741
814,7742
5314,7743
1809,7744
6520,7745
5989,7746
4413,7747
8720,7748
3342,7749
3681,7750
8327,7751
8950,7752
2688,7753
2429,7754
1166,7755
1689,7756
610,7757
7686,7758
8845,7759
6942,7760
6572,7761
4113,7762
3742,7763
2374,7764
971,7765
8844,7766
2717,7767
8100,7768
7572,7769
1452,7770
316,7771
6245,7772
5067,7773
512,7774
7235,7775
2705,7776
2449,7777
4937,7778
5685,7779
8604,7780
1582,7781
5654,7782
3084,7783
3761,7784
3883,7785
133,7786
2551,7787
2438,7788
538,7789
7246,7790
2737,7791
3178,7792
8789,7793
3910,7794
5520,7795
6259,7796
2105,7797
3569,7798
3324,7799
2748,7800
7691,7801
1683,7802
8973,7803
4276,7804
71,7805
5421,7806
6386,7807
7912,7808
2448,7809
3617,7810
7125,7811
7603,7812
1928,7813
3800,7814
7191,7815
3288,7816
7579,7817
3293,7818
5251,7819
6856,7820
7688,7821
1664,7822
7958,7823
4593,7824
4749,7825
5876,7826
1516,7827
6553,7828
5377,7829
1498,7830
7286,7831
2114,7832
1413,7833
2079,7834
3072,7835
525,7836
2112,7837
2322,7838
8771,7839
6004,7840
4104,7841
2207,7842
5063,7843
8026,7844
8190,7845
313,7846
1264,7847
8625,7848
3036,7849
1613,7850
2140,7851
8326,7852
5743,7853
5474,7854
2034,7855
8980,7856
540,7857
7120,7858
428,7859
4173,7860
6339,7861
7282,7862
4529,7863
2499,7864
3479,7865
5841,7866
4033,7867
6672,7868
8830,7869
481,7870
4924,7871
4157,7872
4369,7873
7930,7874
5566,7875
2689,7876
2697,7877
8623,7878
8563,7879
2125,7880
8352,7881
1180,7882
2293,7883
5271,7884
6939,7885
8080,7886
7126,7887
3729,7888
1500,7889
5569,7890
7336,7891
8261,7892
2299,7893
7312,7894
7612,7895
6262,7896
2911,7897
1177,7898
5262,7899
4693,7900
5343,7901
255,7902
2033,7903
8272,7904
3908,7905
7808,7906
1260,7907
1687,7908
1319,7909
6969,7910
7164,7911
3533,7912
4042,7913
2338,7914
1591,7915
2803,7916
3391,7917
5998,7918
7668,7919
1346,7920
7620,7921
6830,7922
8021,7923
6917,7924
3953,7925
5699,7926
2083,7927
6561,7928
3204,7929
4447,7930
5792,7931
1387,7932
847,7933
7222,7934
2323,7935
1587,7936
2055,7937
4833,7938
6894,7939
3016,7940
8948,7941
8017,7942
3462,7943
6215,7944
8920,7945
292,7946
7367,7947
8804,7948
3590,7949
8984,7950
8269,7951
1606,7952
1316,7953
4314,7954
1108,7955
8836,7956
8007,7957
4722,7958
6120,7959
8816,7960
565,7961
8312,7962
153,7963
609,7964
410,7965
7196,7966
4027,7967
8673,7968
3460,7969
8027,7970
4629,7971
7076,7972
492,7973
6790,7974
4883,7975
1888,7976
6367,7977
943,7978
4855,7979
4444,7980
1087,7981
7573,7982
300,7983
5295,7984
8630,7985
6492,7986
2774,7987
3629,7988
785,7989
2427,7990
6190,7991
4940,7992
3383,7993
3025,7994
8873,7995
3085,7996
3862,7997
6529,7998
6409,7999
2271,8000
224,8001
6648,8002
7366,8003
3424,8004
7805,8005
8125,8006
5185,8007
8155,8008
7862,8009
743,8010
442,8011
327,8012
7499,8013
2368,8014
3658,8015
1394,8016
6870,8017
2891,8018
7453,8019
2154,8020
514,8021
5069,8022
105,8023
7623,8024
2544,8025
8848,8026
2043,8027
3986,8028
6231,8029
6398,8030
1341,8031
4851,8032
2021,8033
3657,8034
1769,8035
6448,8036
6297,8037
7791,8038
5286,8039
8821,8040
1301,8041
8462,8042
3673,8043
1265,8044
6126,8045
6970,8046
6058,8047
1284,8048
706,8049
8937,8050
7510,8051
5415,8052
1192,8053
8248,8054
6020,8055
5687,8056
647,8057
7530,8058
5219,8059
3828,8060
2377,8061
3094,8062
1003,8063
3831,8064
2359,8065
6617,8066
2630,8067
836,8068
7635,8069
8709,8070
3668,8071
1367,8072
5763,8073
391,8074
7320,8075
8279,8076
5603,8077
5146,8078
2602,8079
3033,8080
7070,8081
891,8082
6596,8083
5808,8084
7462,8085
6861,8086
2194,8087
7302,8088
4892,8089
8465,8090
1167,8091
4129,8092
6397,8093
8058,8094
2989,8095
440,8096
1390,8097
4910,8098
1705,8099
4726,8100
8364,8101
607,8102
2450,8103
764,8104
1598,8105
7895,8106
5718,8107
117,8108
4822,8109
4780,8110
7985,8111
5056,8112
7165,8113
1724,8114
7966,8115
651,8116
8319,8117
2003,8118
8757,8119
894,8120
6323,8121
3652,8122
5595,8123
